ticker,sd_oc,Eabs_oc,ratio,exkurt,var_x,p_zero,corr_gap_x,sd_gap,b_oc_uni,b_rc_uni,b_full
A,15.078810042181733,10.245998553188672,0.679496493723731,15.354437127902507,0.9657596971861065,0.034216058998464034,-0.010423955148947731,3.401896518055925,10.60940878423439,10.573324417002524,10.568542275711831
AAPL,16.02117414922292,10.622470449577063,0.663026963606927,18.281667315266453,0.9725504292033929,0.027178649237472766,-0.0025986503207715427,0.7036052535907783,10.922112043025605,10.920257995541867,10.91790908495768
ABBV,14.256101559257507,9.224460445457606,0.6470535024680364,31.569732496247234,0.964448311784167,0.035501089324618734,-0.010249645574047917,1.5104793306365576,9.564003875977697,9.54823923240146,9.547264946542212
ABT,13.51331981356959,8.883117146337158,0.6573600912942985,26.409727949719905,0.9574060735187322,0.04258169934640523,-0.004765972148935993,1.603438305333338,9.278242333890477,9.270432250598958,9.26922679707367
ACGL,15.92944134631377,10.30465886833434,0.6468939270565781,23.807359867973233,0.9187101713016365,0.08124183006535948,-0.003754968596334217,3.0834879949556964,11.216443106872914,11.204363318973819,11.201801224194934
ACN,14.477015933739764,9.313845489891932,0.6433539572326726,26.40448426906922,0.9836147624845145,0.016372549019607843,-0.013700867836285772,2.7782020417488766,9.469305406375671,9.430925900057387,9.423457246436556
ADBE,17.825332825872163,12.106352178759488,0.6791655615646068,11.908477661472462,0.9923113046501585,0.007657952069716776,-0.016591871421650896,3.1935691241633273,12.200297067969835,12.147104895900478,12.144371077584577
ADI,17.327077098559304,11.773538135822697,0.6794878368032213,21.53626212520524,0.9782919556106151,0.021633986928104577,-0.013486171845231163,2.944708582546148,12.034857111457947,11.994706074111937,11.987373143599529
ADM,14.710159545799986,9.889943798999035,0.6723206344708064,16.446888700552464,0.93056567025503,0.069400871459695,0.0005483906858310354,2.2306335362123537,10.628031050451856,10.629299124994029,10.62841063252357
ADP,14.11924776562308,8.844282336328392,0.6263989755787175,107.76987365642461,0.9764514118501431,0.023529411764705882,-0.016554414437284334,3.089386354559287,9.057602811667307,9.005846808754425,9.00453097179854
ADSK,19.193150574022205,12.795529325389632,0.6666716480986864,14.486650007006393,0.9852919869375977,0.014705882352941176,-0.018553446984967754,4.644909554951022,12.986661551616395,12.899841629063857,12.897122387024476
AEE,13.78222846270143,9.118894127252537,0.6616414864933358,27.1063220082012,0.9459384448526447,0.053769063180827886,-0.0008567547075524237,3.2425608964023764,9.638355684938524,9.635499323231217,9.637366767654045
AEP,13.917304272325229,9.168651962922457,0.6587951074084413,52.049098489213684,0.9503265026271945,0.049433551198257084,0.005599655343253303,2.2242417780111303,9.646888870107448,9.659665222166822,9.656427471421946
AES,21.01097706126103,13.785749896742594,0.6561213148987753,39.4508872657101,0.8479264896929481,0.15190631808278868,-0.03441847078352319,3.209970121311167,16.25700983718486,16.137028565948686,16.137979673259014
AFL,14.777965593619111,9.237193947543545,0.6250653304763423,48.5245350309735,0.9264266692297835,0.07357298474945534,0.003767533843989489,2.0578566120739605,9.970849362592075,9.978904384919057,9.979357114522756
AIG,19.192448424233927,11.982523054514557,0.6243353005124902,40.301421016558685,0.9313932419155025,0.06860566448801743,0.00301079706435239,2.218557008864162,12.865004267930173,12.8719255338538,12.870023564223226
AIZ,14.402598884837307,8.962624611381244,0.622292176783238,28.81188569232399,0.9098439080981199,0.08991371421100798,-0.013929516570362456,6.913292713683575,9.846613099132059,9.745655841710981,9.73750871152467
AJG,14.05306394222158,8.817831869641351,0.6274668574693315,47.234976909302524,0.9648725815315471,0.03495795023748312,-0.02274773793040319,4.480932139011466,9.138020462954051,9.034250514647487,9.029668069554804
AKAM,15.047571945806524,9.833645240426153,0.6535037862481597,27.08584289163847,0.9575657215173651,0.042429193899782135,-0.0023615131869896095,3.265237130337283,10.269540288714644,10.261660386902703,10.261293007481822
ALB,25.00354955293044,17.362688082892735,0.6944089296656606,9.563560965155082,0.9817916964510329,0.01814814814814815,-0.013960193710175333,5.873256905831715,17.684588006295012,17.601839385260288,17.598862100655893
ALGN,24.020740106653776,16.03218735828121,0.6674310319789136,21.08624253110673,0.9807653276754909,0.019215686274509803,-0.022343734221196218,8.091377482556492,16.346094080870092,16.163538267524977,16.15798319741693
ALL,15.34428840922264,9.977578251723866,0.6502470486495073,39.0175963249605,0.96721078027919,0.03278867102396514,-0.005584973806943895,3.208125569499109,10.315878537813507,10.297660066415062,10.297985290501746
ALLE,16.462313668227896,10.813893207634319,0.6568878121004963,71.28005327824715,0.9578192617204091,0.04218048716719683,-0.020778464977467794,5.798281056364491,11.290127995394258,11.167024342465014,11.158822015783471
AMAT,21.586439227172374,14.859212047403492,0.6883586445651099,13.50503902852688,0.9740429103716047,0.025904139433551198,-4.473266310313559e-05,2.351637397845295,15.25572210322541,15.255615515776778,15.252916640227207
AMCR,16.098386643187492,10.150845012847862,0.6305504543924898,22.369062946431995,0.6427077387139799,0.3572331154684096,-0.14565951260143634,4.764591881501457,15.792956031475944,14.927275213862483,14.870267510738977
AMD,26.04596924014556,18.427054714469975,0.7074820116913796,6.852182153652974,0.9769152244388434,0.023006535947712417,-0.0017356523965112159,1.185425340293674,18.86254838649498,18.86046673261608,18.86364721340525
AME,14.157891880099971,9.03687330165902,0.6382922950810958,34.30208398569662,0.9623235335649631,0.037657952069716776,-0.015186683667294561,3.9458014330930355,9.390694275444433,9.329608847636518,9.32627150564234
AMGN,14.556512188714754,9.38472904718201,0.6447100050833414,148.6393559482068,0.9827656499636891,0.017233115468409586,-0.01761348572845874,2.789885239886341,9.549288747980244,9.49972014640077,9.48912791673707
AMP,17.510925885285964,10.6938605633559,0.6106964665039049,29.932416797313472,0.9564457100339276,0.043411477624297354,-0.024448574381016067,6.563225455247302,11.177978319659095,11.01390396626865,11.010329379272529
AMT,16.092894854137725,10.737018037041263,0.6671899701302413,36.64281009211592,0.9828619238327138,0.01713507625272331,-0.0178816829694262,3.477174881047753,10.924252104256214,10.861534614275808,10.861252838596235
AMZN,17.67049227018158,12.204398056228342,0.6906654251405828,8.748179382648729,0.974865638097408,0.025119825708061,-0.008392719188932885,2.210549527432866,12.519181914346662,12.50039175077539,12.49850215101947
ANET,19.800525588743223,13.373622210521134,0.6754175362963172,16.943883982039992,0.8778690057480265,0.12202614379084967,-0.04074688325272228,5.713213926260964,15.233606526109917,14.985144499593527,14.975834978827233
AON,14.034419521881325,9.16944209113606,0.6533538545601983,21.001882934489934,0.9760252875199948,0.023965141612200435,-0.03054703158470486,4.078676087823852,9.394806075825588,9.268693703373481,9.260133360752754
AOS,15.641042277129133,10.538882395242677,0.6737966823766592,16.583703687704542,0.9380926556025462,0.061906318082788674,-0.006741959721362702,4.07099551325613,11.234248696894376,11.205911041844601,11.19998232211873
APD,14.581486463118072,9.466296971431245,0.6491997229071934,28.429108640302594,0.9806262548592424,0.01934640522875817,-0.0242633689202854,4.596647424235995,9.653094820296822,9.540468333624823,9.535309697489458
APH,14.620395866237843,9.51507971553375,0.6508086239652685,21.512614131322263,0.8797416918231826,0.12018518518518519,-0.017249198543948942,3.594646579140762,10.816090452262538,10.749983439674129,10.740216208321929
ARE,15.637222798171628,10.464759767677526,0.6692211208310667,19.589904580380075,0.9686790096971762,0.03131910628887654,-0.02163168741172954,5.3186505412960585,10.803179412028122,10.68628280381047,10.679930591178088
ATO,13.972359678669253,9.102071529627654,0.6514340983880647,30.01918350591034,0.9537025404323024,0.0461987603350799,-0.01544855064176784,4.678781663209979,9.54368828637422,9.469674256633057,9.466201517068995
AVB,14.940315857264308,9.797371079087112,0.6557673326781386,19.882860199149558,0.9625199348778486,0.03747276688453159,-0.029511939733545385,5.695718849734018,10.17884388050788,10.007510717516265,10.002786605975931
AVGO,19.53565367311647,12.859588393319983,0.6582625085648607,40.91671748577947,0.9386432905672559,0.06130718954248366,-0.026257449294327793,3.855386463052518,13.700223512266476,13.595734610734539,13.594423626517646
AVY,16.279524100566768,10.106986147074391,0.6208403934069866,37.12873450881558,0.9379030780632907,0.06209488534233891,-0.026246626434900815,7.166686372152282,10.77602875901739,10.581800280213857,10.560957605667827
AWK,14.700480300351025,9.662670977793397,0.6573030799247197,30.22021934560049,0.9685190876253672,0.031437908496732024,-0.013466671791040403,4.48673117627304,9.976869226088962,9.915473769574463,9.911337064860174
AXP,16.512643659084393,10.724212347431905,0.649454597873067,26.776338434572978,0.9746535424409419,0.025217864923747276,-0.004499670875612376,2.4380749737616894,11.003391451170105,10.992279184048408,10.993083232694715
AZO,14.824228627687443,7.5651443151534785,0.5103229655419602,45.51854066910559,0.66980693839248,0.32979650529434834,-0.0489810418062314,11.598971546167705,11.28975462816565,10.59557369607882,10.566255297145155
BA,24.077632842815017,14.923156498482934,0.6197933408115798,51.741716886788296,0.9850551207750108,0.014923747276688453,-0.003097743514211278,2.128202422019651,15.149112091772908,15.14246964438946,15.138697035561965
BAC,16.718213137541383,10.917617522761242,0.6530373451362046,24.76474873871524,0.8816337970676047,0.11836601307189543,-0.05287841362606879,1.822841834346559,12.383375887191104,12.28072013498653,12.277334779198963
BAX,15.17765483910775,10.213393304503144,0.6729230182641022,17.78712823603134,0.9240563599707614,0.07591503267973856,-0.006977567571540974,2.3038971806330264,11.052643528555423,11.035920385149325,11.035415424260911
BDX,13.342519099447788,8.886194331427928,0.6660057418839074,20.429019488561593,0.9788631205471782,0.021111111111111112,-0.023744751525127877,3.4687171019270195,9.07799703274113,8.99474870321688,8.986900629258209
BEN,19.176569756773485,12.762893798461468,0.6655462348240566,16.165901632415288,0.8669113886655617,0.13300987848588164,-0.01783303260631116,2.884985254839405,14.722016017158689,14.666759762148304,14.66303434607051
BF B,14.939588042967735,9.653668680037862,0.6461803800930089,34.99933634111481,0.9299987008270075,0.06998202516476933,-0.014046499960249708,4.395186299288296,10.380384066106735,10.31636575102005,10.309687898466668
BK,16.081672149863802,10.40023051562954,0.6467132533675997,44.63439341123078,0.9153042845581709,0.08465141612200436,-0.00637794042930296,1.8754126125100035,11.362606424076526,11.35010399086205,11.347255450538704
BKNG,17.200946270087968,10.508886774017864,0.6109481774437354,13.4415465038876,0.8497088459566833,0.15025054466230936,-0.050421544161995194,10.114825607941071,12.366748174553265,11.813475181531253,11.805359293363923
BMY,13.03049226986479,8.90705081762817,0.6835544377879894,16.42948587314693,0.9230028098167374,0.07698257080610021,-0.00927989418173732,1.2084839885650684,9.64987078576421,9.638197787708677,9.636221390947584
BR,13.96107406179584,8.644706806762235,0.6192006982054682,33.231179842535326,0.9357857830029943,0.06411024565608149,-0.036072226180223876,5.668835882535458,9.23766877035352,9.02628160842318,9.007273555513674
BRK B,11.377587004129287,7.44470955232827,0.654331146808752,35.76880134992721,0.9811302984132405,0.018867102396514162,-0.011949197373228105,1.7457962187980074,7.588003366775616,7.566942854073459,7.564241131795646
BRO,13.741572496154689,9.007120720055692,0.6554650657758535,20.41687996086704,0.9227451100173211,0.07711749005937142,-0.0055410014211346665,3.2607392098423444,9.76091307863553,9.742104176309434,9.7403937908841
BSX,14.774778071024222,9.670159543890051,0.6545045548166188,21.43345689044361,0.9074682547310862,0.09247276688453158,-0.014884831356617806,1.6258800777653786,10.655328791751868,10.629923937517006,10.625708500335586
BX,20.82461520939249,13.72658611578182,0.6591519688484204,15.785779993100174,0.9634413771294039,0.03650326797385621,-0.01153762597152945,2.8708108634332534,14.247262751862209,14.213517832882829,14.213826057182805
BXP,18.79539542107753,12.828311103923935,0.6825241404359077,12.264356321463753,0.960758622486154,0.03923918253518672,-0.012103348041594875,5.181130190822195,13.352335778919121,13.288358924680674,13.28709120018028
C,18.42035426773142,11.707640055289152,0.6355816986537807,53.06143977464536,0.9342912466642042,0.06567444706705132,-0.009880407083469024,1.375595576824935,12.531173351722709,12.51711208426256,12.516766256036993
CAG,15.193426837473945,9.710311303036132,0.6391126509449507,48.820947028855116,0.8666703763090078,0.133217501529854,-0.02080853288622426,2.2105769611934214,11.203339801982912,11.153929202331696,11.142738043371338
CAH,15.983883664695933,10.437116468431554,0.6529775045525585,24.539790278814614,0.9413921819353215,0.05846227817116881,-0.0027643927068255556,2.774918746830544,11.086574415097513,11.078668271176557,11.077620082990117
CAT,15.916603459615315,10.840288244447478,0.6810679346226217,11.992241746751963,0.9826007405750175,0.01738569805052889,-0.008177920076631977,2.5993977655221427,11.03224731692695,11.010802267104074,11.007854744932368
CB,14.450714097780489,9.262932048232942,0.6410016823774579,43.18290917838884,0.9754849181104244,0.02448859166011015,-0.020512943307667297,3.182260584321703,9.495764454505888,9.42967176274029,9.431471730498208
CBOE,17.583687666921872,10.897952206149954,0.6197762615319307,77.01318266392876,0.949800290816701,0.050168283940903925,-0.038269701823975974,6.078108064600323,11.473789472332468,11.235114244050711,11.223498096744583
CBRE,18.36819042749001,12.012855778412074,0.6540032250772793,21.834889444117998,0.9536751668911323,0.0463108663344698,-0.005980255242601289,3.9581077719402877,12.596456468088697,12.572217892268574,12.57005731428381
CCI,15.511298066222146,10.451631016782711,0.6738076318411086,18.473588395922953,0.9710610722389528,0.02893609581257103,-0.012875769622063127,3.2465092920520164,10.763113081719023,10.720693481082197,10.7173950455259
CCL,34.97318235988231,21.944224073955233,0.6274586009401142,34.55628425586659,0.8791086637143941,0.120891249235073,-0.03533868504356934,7.07467546440347,24.96192656905222,24.695280228630708,24.691696442382934
CDNS,17.70964791824567,12.126309038527465,0.6847289734108224,10.276990537118333,0.9779065543404485,0.021971677559912854,-0.01493199088658669,4.125497613465829,12.399977836274692,12.337683956848112,12.334096546289686
CDW,15.53803995844388,10.102972737873605,0.6502089558846397,26.196077484731074,0.9683399307320211,0.031657050441472157,-0.022361821429389493,5.07012130027854,10.433346941266736,10.318131256753361,10.308473006442211
CF,22.2505275123342,15.08044719725242,0.6777568391982092,10.300828309155369,0.95158666567328,0.048410538854101785,0.0006214348996010731,3.859166586428233,15.847833057755274,15.850291528199078,15.849218265149764
CFG,21.647062929084132,14.201397652689424,0.6560427019228088,21.090716028524362,0.9162176244332655,0.08374857942127809,-0.0045180958987874,2.5281891568795185,15.500154890938107,15.48822144999109,15.48721838890907
CHD,13.055603284560023,8.578171138294111,0.6570490042722831,31.175221217518448,0.9453417336347726,0.054593933036104554,-0.010610105994118083,3.024862082467155,9.0741898692189,9.041180981914785,9.03861609785226
CHRW,16.04893916173049,10.74071214862938,0.6692474836119481,34.417972674500405,0.9553775039040062,0.04461873638344226,-0.016307840081458587,3.8059358923270312,11.242502987372564,11.17900347250818,11.174797895158527
CHTR,17.357152534590078,11.763787979860197,0.6777487238426243,30.051790510767646,0.990025943380167,0.00983477576711251,-0.024417410334203537,4.827193799084822,11.878691648881558,11.760231834210382,11.759710678601614
CI,16.35127319610834,10.551774700547227,0.6453182314303565,42.80386764277419,0.9829414314041115,0.017046944662995018,-0.019730378222838848,3.625673980326284,10.734405755079857,10.66225176707759,10.655278225885182
CINF,16.521490128465633,10.269339216964854,0.6215746362533812,53.760367321864535,0.9406893694867373,0.05928184281842819,-0.01620940520528104,5.89197133928016,10.917019459096265,10.818549312046914,10.807838355355958
CL,11.418153451746416,7.504723060116952,0.6572624104091978,26.89545096151176,0.9306948559916607,0.06928053151499257,-0.004310694007070285,1.4461559842688387,8.063601249192205,8.057139372327283,8.05511599040001
CLX,14.175981842458935,9.473084246267401,0.6682488981394054,21.55810647569251,0.9717012411418047,0.02825858903750328,-0.02046761526832783,3.2972451772841658,9.74908217387789,9.680619775721448,9.678190361574414
CMCSA,15.098034509005045,9.911318801447823,0.6564641772103735,42.60803224531754,0.9002476245430853,0.0996590611067401,-0.03262199219436732,1.487950230071288,11.009453599848076,10.958295089232895,10.952576973875805
CME,14.150298119841151,9.08425655125588,0.6419834037643483,50.93013398536748,0.9742764065472748,0.025723402395314277,-0.025372708096786396,3.0949077895340085,9.32411818424513,9.244562091688039,9.245185196243678
CMG,17.405606609944297,10.093831321165435,0.5799183876417473,51.18368674567103,0.7449019835894644,0.2550845327475602,-0.050459771682426095,9.747966646692195,13.55045730083838,12.980542743528305,12.973361548666972
CMI,15.49112636958192,10.453164763963173,0.6747840353616124,13.984967029242409,0.9767612337720811,0.02318846914578575,-0.022023076170959083,4.935636645168781,10.70185311303209,10.59186976056395,10.58156438365913
CMS,13.993076120283762,9.105398638962555,0.6507074327826861,63.20202143366349,0.9277631798295426,0.07209205752502514,0.001174205181367795,2.6206615597418543,9.813749121430357,9.816943867647595,9.813384724982644
CNC,18.18906182054759,11.773299739205502,0.6472736117651537,37.64984399618599,0.9487041110196326,0.051295500988973765,-0.008736069325798674,2.597089308576529,12.409899834059892,12.386606183029551,12.385035896135397
CNP,16.895414146311715,10.405540271115399,0.6158795624069942,195.97754999401664,0.8472334753843275,0.15229696651805227,-0.018857259606401205,4.690455567008652,12.278877054241118,12.18278398774036,12.182087978124708
COF,19.971185931899075,13.073464083886885,0.6546163121442492,22.591017387181942,0.9705919441399179,0.02939505201503628,-0.0032006338517186813,3.0354838357199747,13.46977974205014,13.459918183044106,13.460601363226884
COP,21.51932354943907,14.037543202804637,0.6523226982741539,24.289117266256483,0.9618128981306872,0.03818078503365679,0.004063132230542043,1.9990650385466842,14.595012421431553,14.603294561703839,14.603880283258723
COST,12.638848157378701,8.459528366517503,0.6693274783571741,19.339206745949014,0.9887095815801813,0.011157006731357636,-0.02173754525168368,2.693693618519484,8.555717512630881,8.496829848860243,8.492062871268685
CPRT,15.783683706454783,10.336360456478756,0.6548763044619091,23.376041292016136,0.882254809566544,0.11753649794562462,-0.024022698109467153,3.8543975623967817,11.714928917747912,11.616350629118573,11.61158982774396
CPT,15.399407254753239,10.148711455555024,0.6590326035063774,22.617016140720338,0.9570799929751614,0.0428322440087146,-0.016171254658511172,5.514271383866612,10.603712594542218,10.512562371978243,10.511488580158204
CRL,19.28720440120723,12.815620026403892,0.6644622911551522,13.235128689729567,0.9476841484837905,0.05228822449514818,-0.03778323918164074,9.462886313228303,13.522604195950022,13.15532950510369,13.139766122133793
CRM,18.197300821874133,12.32564197745986,0.6773335286430928,12.421058809317898,0.9843132119144471,0.0156587711172864,-0.0022055090963991586,2.0612228975732987,12.522289750391263,12.517707623050777,12.517323472165991
CRWD,28.613294394972222,19.65043206170117,0.6867588118463578,8.843083816642231,0.9860521856620109,0.013899816417519015,-0.01981605889056794,4.467910318513368,19.928816496646174,19.839656143201417,19.83120015848585
CSCO,13.801845655240433,8.826796701084373,0.6395374156160716,35.7509148665186,0.899423757163516,0.10041306058221873,-0.02554097340439195,1.3495306289488298,9.812818566003426,9.77647412335399,9.770880408622569
CSGP,17.67090559966494,11.43630048949231,0.6471824788486876,16.031522992672375,0.9060537403343771,0.09391118104729435,-0.03318759378355616,8.2440908129779,12.622023727844462,12.334587467413614,12.316025818446615
CSX,15.04772074526846,9.845964093885772,0.6543159765230023,27.16894745811638,0.8618561605021648,0.13812396188478013,-0.030064657737866065,2.109768615044491,11.424223577675479,11.355899512792178,11.350820499687112
CTAS,14.047622034417682,8.558839061800969,0.6092731596017603,29.260715218498532,0.8822324991955908,0.11776597604685725,-0.03604362468418111,6.6408896011935665,9.701406033111192,9.446568616781395,9.4354080688813
CTSH,14.890254582992394,9.693745911257906,0.6510127719595926,22.635638552084657,0.9362960139898656,0.06368563685636856,0.002110341251904509,2.123560813003109,10.353535997313118,10.35816738144857,10.35835634586524
CTVA,18.486517343285744,11.674658101816341,0.6315228490593199,63.90753798288257,0.9221354572243082,0.07780485406126039,-0.004014934083592826,2.8226039694613276,12.660507914574083,12.648706583160541,12.63592618137731
CVS,14.890145449741036,9.957986688795259,0.6687635605982912,22.137534892305627,0.9446736689169637,0.05527143981117231,-0.010250200933121373,1.4591749397219058,10.541058226514561,10.525669636258709,10.525462763861658
CVX,17.199466949579826,10.963190442856758,0.6374145474970423,38.32777961963368,0.9695275117169586,0.03046594982078853,0.009568843900931238,1.48751887152495,11.307876408229435,11.322332200053175,11.320477490974074
D,14.661783333407865,9.736874637994164,0.6640989309812018,25.03381233964966,0.9341268397319342,0.06566351953842119,0.003358332239438552,2.028500744542104,10.423119965176042,10.430168452203729,10.430304183766072
DAL,24.34636534518685,15.300100122165649,0.6284346720850633,38.406916227368654,0.9284998800274094,0.07148789229827782,-0.00028409734601749734,2.0040462830228076,16.478251729799805,16.477660870605522,16.478471603506456
DD,16.952877714697895,11.039283236257337,0.6511745924225266,21.09922443886116,0.9445515111070726,0.05544628026925431,0.00021210244503245363,2.4956540195031716,11.687447925885936,11.687992575535878,11.68402808622701
DDOG,30.778457266408736,20.91279582673928,0.6794621200706922,7.327131021493589,0.9768972956929671,0.023068012938193896,-0.018481393707277145,4.927837853925919,21.407371578275985,21.31522766031851,21.310940726270054
DE,16.396136100099337,10.91984855835465,0.6660013366373856,20.093742718341453,0.9865482025840343,0.013451787743683889,-0.015355779211369446,3.6914636698800773,11.068750313559427,11.011679862782653,11.007423505022135
DECK,21.339305754897392,13.86436629163325,0.6497102788103293,21.080391564049773,0.8947420014598162,0.1052539557653641,-0.032458862434169705,10.593833624478563,15.495261434266794,15.131733715593725,15.125748000025178
DELL,20.125012590681838,13.43967350743238,0.6678094459257699,15.460388676385637,0.9317990799416381,0.06814406853745957,-0.012924571386743798,3.443432821984403,14.42356085838942,14.37745600708007,14.375103694606382
DG,15.810935845775472,10.535535359963385,0.6663448301055739,20.925752527200927,0.9761637575109352,0.0238110848850424,-0.012411494574153,2.9736198710273727,10.792954534519849,10.755599581691591,10.754803917625747
DGX,15.233105809723526,9.895404673320598,0.6495986305697561,38.66715766944937,0.9616568642907567,0.03834235744296064,-0.013788118228310445,3.9400890585170667,10.289973209529927,10.234574331519967,10.233659809062882
DHI,20.783590289436095,13.42637363405879,0.6460083867647815,38.231094055120614,0.966279492142615,0.033689570766675406,-0.011439849083373546,3.17149678713698,13.894946692506268,13.858037615078684,13.852924498615346
DHR,14.624562501223474,9.87835249088422,0.6754631114645521,16.63662650041868,0.9785152300088565,0.02145097310705817,-0.02270885144408325,2.835147905979225,10.094899983839952,10.029814056822966,10.022164943132777
DIS,16.317976609407,10.790469277382645,0.6612627003743924,21.20869647184618,0.9666448383357664,0.03334661883884682,-0.0017532720962442263,1.304503673314599,11.162801454639025,11.160475179072376,11.155641354866706
DLR,16.592546315649702,11.278997571522172,0.6797629102221692,16.045370592667176,0.9729144996457453,0.027012850773669026,-0.01386223087777416,3.633770464575218,11.592864274829918,11.5417957538155,11.541066916165079
DLTR,18.001032138602096,11.811449963191947,0.656154040071015,43.030172164366654,0.9673432784332919,0.032651455546813535,-0.01447658356696031,3.0642275191078574,12.21015586702488,12.165053765204917,12.164961109077943
DOV,15.26021694332825,9.773663554473826,0.6404668813536665,27.90880536334335,0.9661622766297177,0.03370049829530553,-0.017068310486348957,4.810660530110747,10.11619010957852,10.032654776695182,10.025802844768496
DOW,17.93846360662337,11.582800250391394,0.6456963374563867,27.313999392149352,0.9311777879886501,0.06879972025526707,-0.004542301676999275,2.159917492535876,12.439099727726378,12.428932633880962,12.424597147563881
DRI,22.508199383664955,12.48187953939529,0.5545481149617796,134.4324987473065,0.971377310824103,0.028619197482297402,-0.010046883456803728,4.080824140021923,12.849673197676385,12.808073970109126,12.807342557527388
DTE,13.863131981701974,8.977013063799227,0.6475458125658788,29.24769886868917,0.9565447578571233,0.04334950607570592,-0.007927764980417187,3.8108218709787747,9.384469776114775,9.353579857220517,9.352905046314529
DUK,13.210935105648693,8.725446963030114,0.6604715633868578,27.868048494954778,0.9538705931882101,0.045993968004196174,-0.0008022095966075971,2.0711588558761673,9.147240384348024,9.145539179807887,9.14367043181766
DVA,17.690384326463764,11.511427415522979,0.6507166380948868,122.88307887368656,0.9548518187950985,0.04510883818515605,-0.015157631772989327,5.230215855106904,12.056248792611397,11.97511851248004,11.97156354554358
DVN,29.39005324581825,18.681804378974398,0.6356505795590054,33.5402037150542,0.9252188850186012,0.07476615088731532,-0.007401084005814553,3.337274314435008,20.191464356982568,20.165786132263694,20.16226923173206
DXCM,24.21019316642767,16.225159358050465,0.6701788476661117,32.483797618276206,0.9705065255954912,0.029493399772707405,-0.023712914668402252,6.569351832642678,16.71821848151709,16.560090680908676,16.553716340974965
EA,14.935720984989576,9.836584687548845,0.6585945665050003,19.654155127619376,0.966069487568013,0.03392997639653816,-0.011172046885149636,2.641180141848246,10.182110259367398,10.152089160126915,10.150285626968211
EBAY,17.228568767066616,11.792891061863275,0.6844962701954705,34.70389561850709,0.9272160716638311,0.07262435527581082,-0.00441899163215278,1.7702191952751967,12.718268689266504,12.71014487941723,12.709828612164483
ECL,14.484789535671572,9.456449932214419,0.652853802875499,20.437589358596945,0.9744640988671633,0.025517173549564513,-0.023665371195818897,3.927497667188705,9.704440408272655,9.610284769329645,9.606378217129079
ED,13.645094050195421,8.981198049144592,0.6581997907897136,48.02451562539644,0.9477835556548062,0.052157094151586675,-0.0033712760120991085,2.6578771934476824,9.47605467285456,9.466850714681462,9.463508805556678
EFX,16.60746434532583,10.927709093250849,0.6579998527184224,19.483938874803815,0.971894879919889,0.028040957720005682,-0.021634171283637968,5.586992284450665,11.24362133400561,11.121016190974498,11.11527226152532
EIX,15.747285018351928,10.019477589156088,0.636266986815782,41.44023487389827,0.9384131880327963,0.06150013113034356,-0.002664692073693503,3.0237656254572385,10.676785208726857,10.66846760731953,10.66575136348177
EL,17.376267440458363,11.724403064471405,0.6747365684055178,14.965240378953212,0.9808815993025748,0.019112247574088644,-0.01656166076074574,3.5843405687092744,11.952815715922595,11.89287735554878,11.890292167891134
EMN,17.545895854767934,11.47633767926428,0.6540753333005617,25.876921896275306,0.9579640198352444,0.042027275111460795,-0.012565631320864842,5.17506379244428,11.980123255673771,11.913683898467436,11.911018752401969
EMR,15.456361915805468,9.913062336457887,0.641358062813017,32.5914565549653,0.9523768157150619,0.0475784596555643,-0.0006382268131768224,2.321982640974313,10.409013540904901,10.407494989117772,10.406137491233489
ENPH,36.47968046385703,25.247672435883196,0.6921023461512452,9.18252194659233,0.9853007110102205,0.014686598478888015,-0.007476036136609246,5.921748114950138,25.62489420668723,25.58029399455793,25.57648048249431
EOG,23.378259675716286,15.201825607326303,0.6502548016059939,23.41517044378009,0.9688944396416432,0.03105603636681528,-0.00216634983364065,3.1217024232452193,15.689723876715417,15.682853479292389,15.678804584414696
EPAM,24.39696919362173,14.430748698799043,0.5914975989137116,75.70375851293986,0.9199108771781594,0.0800590196185584,-0.03742150715717854,10.959628664471406,15.686843216097008,15.25923677606563,15.259246662428247
EQIX,16.076484036812403,10.127017467059234,0.6299273798841895,28.981611581775052,0.936667686449928,0.06332502841157443,-0.045068159583696886,8.165588053599082,10.81161675086421,10.431370867621068,10.40612716911347
EQR,15.52234862245231,10.33813560041124,0.6660161971531575,16.492500987279342,0.9420354927772998,0.05791590173966256,-0.003523001788167882,3.1783052610273406,10.974231783795705,10.96269526342011,10.962234456217285
EQT,33.86656397060137,21.585325725590806,0.6373639128058114,48.710349566254585,0.9159564602962716,0.0840217676370312,-0.009674171076511947,8.318443166391143,23.565097360827433,23.481012385358518,23.479846260033618
ERIE,14.917237758905221,5.927905292845371,0.3973862580092322,141.1817396446933,0.40300886359388544,0.5969462478413885,-0.050410609475646885,17.121057725738098,14.705988742031833,13.346438564958122,13.301072782355797
ES,14.76622911260683,9.970055706697762,0.6751930794698098,20.88089349733712,0.9470233272861023,0.052847260925154904,-0.0032640486270202112,3.0828728334666162,10.527713963235028,10.517373692913516,10.513252953488351
ESS,15.095609404694244,9.648318307586866,0.6391473208485742,18.84974934533248,0.910652670204553,0.08934719171120364,-0.0355209042701528,8.264868819585665,10.594950700264858,10.28731013873262,10.2826363993389
ETN,16.143677617475902,10.674708361963507,0.6612315121065035,21.149528161646398,0.9749458788805605,0.024849200104904275,-0.012301986305307929,3.1312788172224106,10.948176744774914,10.909163980344431,10.902627512096077
ETR,14.813663759475112,9.639405351109563,0.650710418949803,34.83510067105427,0.9146921128847105,0.08510452295352472,-0.011088565934619396,3.7877910926184364,10.53783331797101,10.493917200866225,10.49390485724215
EW,17.462218871827528,11.587580582279163,0.6635800792174157,26.286038425735313,0.9576630700223654,0.04228953579858379,-0.016235260046142067,3.0427875820731525,12.099913197918951,12.049432597202186,12.04227462300517
EXC,15.527240996166952,9.920502073963618,0.6389095188522281,57.791488445988264,0.8743237817877594,0.1253933910306845,-0.01514726469712302,1.9668474217037188,11.34428816886711,11.312426483855377,11.308749802096694
EXPE,24.35296965631123,15.89927818180074,0.6528681473423649,30.040793443620665,0.977445473437628,0.022554419092578024,-0.0069539463695810055,3.8820946416441995,16.266171206323975,16.238865640148653,16.239955074100717
EXR,16.113101988489024,10.826620665085104,0.6719141151604135,34.058564997384046,0.9668176780623162,0.033066701634758285,-0.017960659040990715,5.418417505058113,11.197648779158133,11.098674478283565,11.094884130581208
F,21.925025939482925,14.384811843476495,0.6560909840280783,14.742612380468579,0.744900245787526,0.2550594457557479,-0.1287702232310327,5.5992512592524255,19.31072786307375,18.475324255973458,18.45862454796978
FANG,28.731409214192674,18.09460994053548,0.6297849787192877,36.46992801422635,0.9761443422568148,0.0238547949995629,-0.007783755233260553,6.960103294747167,18.536854531054956,18.482020795278284,18.482436965209843
FAST,15.314345530301408,9.991682661191437,0.6524394164557411,20.140602220847764,0.8414539357983362,0.1583398898505114,-0.024882927268459705,2.4897172161523073,11.872516202817389,11.80498004969097,11.79738474606864
FCX,24.235182299135143,16.127398453780348,0.6654539773920277,13.416435030435256,0.9071500010114579,0.09277471806976134,-0.028721800910904816,2.8235900964424965,17.77718433581853,17.692036470455147,17.687995046264348
FDS,15.178808335106954,8.796482861945124,0.5795239433651589,35.54731741604877,0.8244547519561003,0.17553848339471298,-0.03805303297212045,9.55690857690843,10.669323405369479,10.268804245840565,10.257417772232325
FDX,17.243284814890767,11.299789567352315,0.6553153699342811,23.55569111804758,0.9832787259489001,0.01670819127546114,-0.018108538623373315,3.346187819837169,11.492108417798411,11.431000793995677,11.429668705895834
FE,15.880266682836092,9.791441713989247,0.6165791739865525,85.21887766449747,0.8828458246515889,0.11677157094151587,-0.00773479429583114,2.1278627979468365,11.088500815789407,11.070984209999208,11.064267542026222
FFIV,15.962552136340229,10.240037558339722,0.6415037815304815,53.131223049542776,0.9413639731444432,0.058626191100620687,-0.02086566906705129,6.47816311007849,10.87806742072663,10.738750005908113,10.724658089008763
FICO,19.14865597079344,10.246761205985838,0.5351164709217582,51.13371337942056,0.7304705546348642,0.2695124617402711,-0.03141923223988045,13.788577476525376,14.02757089699705,13.520680953523033,13.519024992293277
FIS,16.86162191760845,11.110092626536215,0.6588982175513044,44.72616092470428,0.9570422856263429,0.04295752330371876,-0.004095947897102888,2.3010643326147493,11.60880078054273,11.59916653699542,11.595480494853202
FITB,21.19400697707773,13.390204942889625,0.6317920418433254,113.30223923018355,0.9001335555069278,0.09971369874989072,-0.008134279948166652,2.4640944584574083,14.874844138734108,14.853717860699165,14.853290625752933
FOX,17.1294465702601,11.230729503422012,0.655638783036963,14.432834818173351,0.878068162187467,0.12191843692630475,-0.0032162652562996575,4.205956381093241,12.790400581899485,12.775964394586287,12.772662462305169
FOXA,17.977630718742205,11.939278208482017,0.6641185590732471,12.140370116832745,0.8924365946701586,0.10755966430632048,-0.0047525224532356004,2.529516193128579,13.378379811039716,13.365654366687796,13.362215893318295
FSLR,26.8922932981824,18.769558717493133,0.6979530718847892,7.79958122399751,0.9770258120129116,0.022947810123262524,-0.01352931813494531,5.543688395794149,19.210749209045282,19.134870191095583,19.126702171922005
FTNT,21.139616809382563,14.259383614554874,0.6745336844623417,12.341169417002778,0.9348992943980416,0.06502972287787394,-0.018047543005580216,4.434331021637409,15.251866426473473,15.169098175238872,15.164008855036156
FTV,15.177527752137204,9.805997863838776,0.6460866370320395,46.20101355501744,0.9090155008584172,0.09093889325990034,-0.014234874243881234,3.8435786381038928,10.787453620956487,10.730067910695505,10.729854997516735
GD,13.407656778541678,8.785208953328755,0.6552382044406945,27.232573338382124,0.9765261757543996,0.023466102068722156,-0.029017358350797086,3.4700715104379327,8.996602856800553,8.894707509639753,8.891561785710424
GDDY,18.365313294970086,11.84696959067565,0.6450731005999398,35.722695296573804,0.9549053398972115,0.04507057785619762,-0.007825098053280587,4.414524609124952,12.406784664864727,12.371434326962882,12.370740233101392
GILD,14.335236560920677,9.187962775091377,0.6409355531766182,64.4072633844352,0.9359500698207168,0.06404657933042213,-0.0007146587475934521,1.3457014517129213,9.816579228958865,9.815585149512506,9.807556995469094
GIS,12.819601829920387,8.501855567081801,0.6631918588328417,29.28055726213863,0.9272908377134019,0.07266993074853337,-0.006876172542897075,1.6820134396567958,9.168391509420125,9.156380811530768,9.1525246148589
GL,18.419012847157802,10.06861046215293,0.546642241128932,261.8241089065702,0.9385305073829566,0.06143310837633982,-0.012368028276899493,6.808580861579716,10.726799366175403,10.639876733389814,10.644906378147379
GLW,16.136406375595598,10.575848321466864,0.6554029487917199,20.976348120079155,0.8800379226607398,0.11987498907247136,-0.014450274587701541,2.1877191805424614,12.016988098062686,11.983289100624974,11.9800187060314
GM,20.824040517336883,13.816717838251751,0.6634984131321084,19.048931624080957,0.9208329638595645,0.07916501257112611,-0.015779920218123748,1.9110874520876826,15.004560859574463,14.973134437772924,14.975966206576416
GNRC,25.92850598454938,17.79335965213603,0.6862470079355506,13.47755403252975,0.9808454849928948,0.019154426359666535,-0.023931250349401065,7.786408108908428,18.140809400827724,17.952660253692727,17.946677824385443
GOOG,15.417680165255433,10.571664577543201,0.6856845170109971,10.63586472141867,0.964658248133434,0.03532679738562092,-0.016008364378813252,3.181314806954026,10.959375948434676,10.907523786712469,10.905065224923892
GOOGL,15.668043936089527,10.754432065068372,0.6863927691890614,10.68970800198835,0.9637112501839276,0.03623093681917211,-0.01185753299573582,3.2387697391822727,11.15941359579992,11.120293406263793,11.11781305440605
GPC,15.316799089844077,9.948495849111307,0.6495153322019961,25.439320312682035,0.9644608984402393,0.035529972211194916,-0.018536283824460268,4.662920751309222,10.315103516969074,10.227092225741472,10.22245351576937
GPN,18.804161055796623,12.131827510951513,0.6451671773578924,61.538998086138974,0.9730002007775719,0.026939702703894845,-0.017151459498523765,3.6460696901659033,12.467290533130967,12.403893405343084,12.405096779142891
GS,16.05589414555902,10.708108603089896,0.6669269556720206,24.131455423051854,0.9882433742190204,0.011633805301927572,-0.015933133386509705,2.8840096633436976,10.835451534464065,10.78922770231013,10.7882338039896
GWW,14.311596129716893,8.502342453661548,0.5940876458920685,33.56731383802772,0.8358213782546353,0.16415244144501787,-0.02139482959465319,9.141909008835285,10.172099817106671,9.958161296378915,9.93391895167717
HAL,27.253615180032916,17.460459265315837,0.6406658034163506,37.11036446923935,0.9041375950735635,0.09579418640554012,-0.013505436297651321,6.378273748247159,19.311828973057477,19.221236000623144,19.215595279785884
HAS,18.189288790886195,12.112224554053748,0.665898743667351,38.916990611927275,0.9502224713631124,0.0497772484672048,-0.010498142170627424,4.292344758438084,12.746756523842922,12.700529663425566,12.701863944106535
HBAN,20.42625755515527,13.457051188217603,0.6588113927321577,14.859199210347068,0.7696067383024745,0.2301949627277138,-0.08846889748494463,4.4448473558059955,17.4829260280162,17.034683524183453,17.018727214305446
HCA,19.110870696846693,11.768685336585866,0.6158110492855623,62.55449385836998,0.9819293750365204,0.018018614088483084,-0.018456901014026892,3.974412131581296,11.983599423454605,11.909572183618756,11.909680954003168
HD,14.827191841870691,9.590953136608436,0.6468489272206234,33.68858224061106,0.986047474896704,0.013872347933483305,-0.007557769693758136,2.155336762371809,9.726432619961493,9.710028237826707,9.708225052477006
HIG,17.970626255784506,10.542132212197055,0.5866313205864867,130.72319294184982,0.9404568724048177,0.05953641215649949,-0.003056389248152117,3.820953314974472,11.209840995829875,11.197798653952827,11.201002902049057
HII,15.68642761194228,9.633547215173726,0.6141326408722647,23.62090105859018,0.8741451632866505,0.12578026777245957,-0.020755638832533542,8.744130816810578,11.019503327483998,10.825387489196958,10.805142213899774
HLT,19.512317917668693,11.802391858070667,0.6048687761172354,68.13303917963775,0.972574516993158,0.02742490406245865,-0.01644228057331306,3.3863176479598547,12.135258424455225,12.07880005833947,12.079966010664057
HOLX,15.833259661596786,10.282835673688657,0.6494452749126223,21.57514391122521,0.9410255128914135,0.05897401967270963,-0.0009291937587651077,2.982537800126566,10.927288036944779,10.924431159951961,10.924307413486336
HPE,19.54308195568971,12.932022267632654,0.6617186734903737,17.736285800767252,0.7836804758275814,0.21617925984738212,-0.08547865983950065,3.933055208810183,16.499760345128692,16.119992462091957,16.111364040526702
HPQ,18.49129089385716,12.22777379589192,0.6612720478024608,33.58884141367954,0.873911021544755,0.12606413479775924,-0.0263685830352517,3.2109703247187995,13.991798403225665,13.901227337832411,13.898490498380017
HRL,12.817795802225218,8.618501085664732,0.6723855816277341,21.349730463404324,0.8864223463827249,0.11348198138591152,-0.01160628052334114,2.346444665119393,9.72245132597053,9.69352568227912,9.692066794736851
HSIC,16.550997866372807,10.678250635135196,0.6451726186751882,36.4532375712688,0.941185135935457,0.058678223663170895,-0.009620842100091462,4.252946398342458,11.344925391176917,11.302749383637714,11.29748091649423
HSY,13.63159959431383,8.62967681875798,0.633064135947603,149.70787985641434,0.9735846950499218,0.026410392130916147,-0.019158412576022583,3.6444767293661764,8.86384729349968,8.793084033210206,8.784021310298456
HUBB,15.949308544339862,10.07644393184802,0.631779359201373,23.881677856044227,0.9033951146339149,0.0966020006396753,-0.032779340113110185,8.91609226500953,11.153958758306775,10.84646529243516,10.818525075348658
HUM,17.86436199360341,11.3801884145383,0.6370330168305556,26.387767826085433,0.9857347120221344,0.014237033932884129,-0.03461960340074602,5.349750166720308,11.544527948864953,11.357986406122432,11.34495879169152
IBM,12.992142398759379,8.535165864150287,0.6569483001483505,21.389002980976578,0.9662309422769303,0.03366635790216576,-0.0026747480493998915,1.5823798188646427,8.83283008579361,8.828524292823408,8.826974294220287
ICE,13.598915328907953,8.579458161716468,0.6308928288919226,65.00605963375708,0.9581414629444435,0.041782453354505755,-0.004177434096833041,2.8941057899114684,8.954152956608926,8.941801755531461,8.93279038803393
IDXX,18.18550443415049,11.831573164138202,0.6506046179241383,18.398128991678764,0.9479763017685934,0.05201579109876053,-0.025694200839182436,8.636526381848919,12.480741200318354,12.252824851933413,12.235296032198166
IEX,13.820370128243246,8.67946966569936,0.6280200591706321,27.774045482750974,0.9143036320050718,0.08568970841236931,-0.0374409886336519,7.011775106349729,9.493033823077187,9.218478376527896,9.197024854364326
IFF,17.134839858801413,11.304772455343864,0.659753610100832,19.468178729476037,0.9620204789601511,0.037955979004013936,-0.016968726716719004,4.124596899280781,11.751175645396685,11.679818312735035,11.679093211992889
INCY,17.15820385108917,11.658922455417573,0.679495508772469,32.82940233899956,0.9492632271575259,0.050736623880728686,-0.013877666049223822,4.088919419611624,12.282068702971422,12.223827323111816,12.214306266280794
INTC,19.71421599100542,13.082274963524226,0.6635960045021821,33.72845742206583,0.919049645038534,0.08094040845132548,-0.03118188228537505,1.7387814798585708,14.234398148407077,14.177842257554943,14.174956127568413
INTU,18.062120767245098,12.090047914529977,0.669359266850589,17.070164302848728,0.9911743354274444,0.008733624454148471,-0.017184512006541346,4.568630978818141,12.197950887746154,12.11909243348835,12.11564696241338
INVH,16.602406387970763,10.514727080229981,0.6333254851446356,67.85434628859468,0.8779503739476412,0.12175782973092192,-0.009577492275852298,4.877736239578162,11.974094182176458,11.924236149402226,11.920539712092106
IP,17.27652004777642,11.236048650884046,0.6503652714673975,30.111871662635437,0.9093436902414728,0.09037978033611221,-0.00020703116370062743,2.8023222575854008,12.354264563332471,12.353656162540606,12.347996733158197
IPG,18.065954158371007,11.834697156391842,0.6550828731571944,24.94726582681739,0.8752730941821655,0.12463058532927529,-0.016952745924157204,2.6119807783444693,13.520217994416923,13.472887805216748,13.47144599316595
IQV,17.550283648208037,11.516407626733038,0.656194957162924,26.14495300547145,0.9788532362944662,0.02112947871061657,-0.025884510992839463,5.04674065048144,11.764946648809477,11.632910708896965,11.624445490353617
IRM,17.32881110696337,11.203161903930702,0.6465049353229344,30.864591804745018,0.9207091006482945,0.07914295796391867,-0.018897010586920244,3.6296175379328424,12.167776604471227,12.096295253296358,12.094203074438143
ISRG,17.13832109058968,11.395288854484225,0.6649011180413207,14.988090064999351,0.9811603048799481,0.01883463455515857,-0.02983974031262882,5.214882297072839,11.614078835661932,11.45698123031043,11.449999228279848
IT,16.422043844288574,10.35834860375341,0.6307587960408437,22.35161912541895,0.9267694163590801,0.07319765662571591,-0.0304051811752243,7.588089986661626,11.175642709084203,10.935983445034996,10.924176316535881
ITW,13.978318555930848,9.052402835466241,0.6476031290348155,25.278997623543987,0.9774762355259745,0.0224736447443871,-0.01773691673438846,3.892313348173425,9.261177456341745,9.1913489392871,9.187209586977856
IVZ,22.75821687360847,14.860630679870749,0.6529786917139302,18.839163894365864,0.8297085547668526,0.17014026730183934,-0.0417234188234612,4.017441209736202,17.90786209530885,17.7238414143208,17.718767810561907
JBHT,16.930860396710393,11.52315696992963,0.6806007905049255,16.256047891625872,0.969248610165271,0.030700013232764323,-0.022720686142818892,5.990359985669502,11.88851037111422,11.75026303527421,11.737557737076727
JBL,19.661095823049617,12.687125145995878,0.6452908454432215,40.34124954910199,0.9453800098125927,0.054563098231220505,-0.013287230797867882,6.7261479986941834,13.420819774182847,13.32890238284153,13.326647954243109
JCI,15.808838645209866,10.554546117624108,0.6676357672119181,19.54408184533042,0.930100950696282,0.06981385911516916,0.004169643356718481,1.9290276155380457,11.347797883995403,11.356138004212584,11.350381928015075
JKHY,14.772785936676678,9.427601024261396,0.6381735350848963,36.90254786377482,0.939411920839823,0.06051784217723082,-0.03342279403221906,6.278019392569903,10.035001271545733,9.81851150503639,9.806059361586454
JNJ,11.304222855842367,7.259925495666993,0.6422312783682287,33.32601000634146,0.9643101481811421,0.03566229985443959,-0.002328551268228005,1.0905507084917019,7.528413528618942,7.525827559704616,7.521378454640064
JPM,15.251515015603582,9.81674058736541,0.6436567499898902,32.68164190664585,0.9703500680883347,0.029597282872392043,-0.0017654720343380848,1.092757351078434,10.116842439881475,10.114883954388445,10.11227278112598
K,12.79133891221222,8.264452473060892,0.646097529725415,23.064788967622455,0.9019541889600262,0.09797759251907724,-0.0015099962848986812,2.300801238946953,9.162803891387775,9.15914573101116,9.157186451938637
KEY,23.4877564262336,14.96031350645385,0.636940933606779,49.933607640869724,0.8251736485126696,0.1746173525649508,-0.04787566334554353,4.41388684064449,18.128092144532356,17.8954634282859,17.890522707715142
KEYS,15.624591352356418,10.438193029707026,0.6680618260222718,17.301026465314095,0.9693248338295616,0.030655904018349434,-0.019287999548663382,4.332537191743289,10.768699903509496,10.683821966168068,10.676607675552427
KHC,14.280742302340784,9.343361007507326,0.654262979451414,20.574566278324024,0.8696564166675818,0.13019937364915532,-0.030147254514850647,1.886892157450043,10.742445426502687,10.68144666827757,10.67477390726162
KIM,20.38914827432949,13.020549188337238,0.6386019177039619,22.723986645914803,0.8259001732491492,0.1738895505271051,-0.02407158769705444,5.709244898475393,15.763613372170239,15.61238975217425,15.599784614708296
KKR,19.560840703314728,12.832330408363772,0.6560214155922879,24.394675723211478,0.9379158555924595,0.06201755546733713,-0.007707253485403786,2.974352528898384,13.68142687799495,13.657756230113094,13.65722438852882
KLAC,20.905170164570023,14.3132559709047,0.6846754108303186,13.130877700829757,0.9871790883922915,0.012802699483922191,-0.026663444710662707,6.55378030614456,14.499661366288734,14.323783915724063,14.317776194597124
KMB,12.374426578154326,8.023928825850772,0.6484283352584698,30.046955836162383,0.9606806398056436,0.0392902827400644,-0.013560038981529148,2.5462738924014383,8.352545151122285,8.317318080031228,8.312025521356851
KMI,17.571490312063194,10.938740953011324,0.6225277855630521,39.713540524847446,0.7734568170703328,0.22634643377001457,-0.09226051383172071,3.278997979214755,14.140427433936768,13.796442847903078,13.78773303497458
KMX,22.63504465726951,14.769350893168802,0.6524993043663138,30.59874151187161,0.96705145770175,0.032902788705306406,-0.00735846461840481,4.628006512295089,15.27188193077873,15.237251621080931,15.237800925285827
KO,11.456617059489563,7.250868253381031,0.6328978454748216,38.978891110661046,0.8981366129375397,0.10172436401783373,-0.030757830073845374,1.1702391622519175,8.07305632532752,8.035075961510847,8.031025057244351
KR,15.352866795209822,10.102232639339414,0.6580030149477598,17.705643451729895,0.8984299939848545,0.10151735697587226,-0.017050099408587066,1.7322098115939195,11.244286870281746,11.21312774277062,11.213118805818803
L,15.329248726728787,9.153110702319385,0.5971010625171472,52.39551896145393,0.9111110145839005,0.08886903974240219,0.0005101266651842461,4.328569967537163,10.045203075635982,10.047516401528695,10.043375168873917
LDOS,15.477975232178807,9.876249766659498,0.6380840916534557,46.998490664872705,0.9512146119157362,0.04872965462485113,-0.017421496979287937,4.648921422503316,10.383008382317925,10.299966263985405,10.290113367474445
LEN,22.104089829509196,13.99804693407471,0.6332785942349531,43.24496632072107,0.9655231188667684,0.034460323761633806,-0.0035836142244761635,3.606388627413045,14.49776061291226,14.484607987909644,14.479929136001262
LHX,14.702510111560114,9.66922581027867,0.6576581642801297,22.24319679210071,0.9752441724844664,0.024746087934627983,-0.02608947655815389,4.101188959598738,9.914826010136512,9.80647861777961,9.80054387345301
LII,17.013768100118348,10.83402820080312,0.6367800558377047,22.35364844541712,0.8732418665788302,0.12673415823022122,-0.03348157669587004,10.152225771390297,12.406521492438692,12.042774095565186,12.034825479577524
LKQ,17.90665840300683,11.192291764092854,0.6250351970869942,66.7252723143472,0.9121939268304692,0.08774425477482246,0.008321032311286506,3.4292331736316712,12.269614863183424,12.299491426302854,12.29552202070314
LLY,16.147860668591058,10.649419946407518,0.6594941686065903,25.47797144588857,0.9846133811402429,0.015372061223589608,-0.025692517092247492,2.8645275753546047,10.815723636975118,10.741553890480807,10.739346422041589
LMT,13.66975987956807,8.62119327243792,0.6306762773005145,35.40565161471351,0.9863438076239794,0.013618870130013344,-0.026378868117593723,3.5203432916905615,8.740177400908486,8.646674085145099,8.637276836204105
LNT,13.743016568222862,9.094033177562167,0.6617203095417745,31.14151067093529,0.9186919731727116,0.08095860566448802,-0.0015296540424184451,3.1561923494837183,9.89757697243152,9.892539975102132,9.891865050624634
LOW,16.521519734073063,10.600022204278268,0.6415888111320275,60.07218126511082,0.980004468745351,0.019981474129945744,-0.005718362173151415,2.4623734568415916,10.8166214855151,10.80239781933994,10.795008457637005
LULU,19.545002143872544,13.40129797614893,0.68566367388966,9.627872409519398,0.9894786784655226,0.010497993030744123,-0.015172149977840896,4.688208527284943,13.54380141592404,13.472294042278767,13.468025364024497
LUV,22.34759085891632,14.66575158747883,0.6562564922575284,28.61740482186658,0.9220257256044084,0.07796303647832033,-0.007075836764715018,2.3028864281268286,15.905992614495721,15.889022733120404,15.88870519833314
LVS,22.54350737169131,14.536397349466007,0.6448152503420955,28.219678043839085,0.936321916276734,0.06367165100789555,-0.002489237865383769,2.3844328357164084,15.524969775535594,15.518835844370532,15.513230909997993
LW,18.8380239277049,12.086555972343334,0.6416042371921905,35.59596427929027,0.9525775616805948,0.04738484611228124,-0.019260605069093814,4.266342491320997,12.688466086070072,12.604273186011367,12.59864571382136
LYB,18.576783619523866,11.857642389778354,0.6383043821060705,32.73917210193722,0.960379271224995,0.03961007454457236,-0.006775426737752448,3.6637117319208232,12.347021429975142,12.321691350058854,12.320248832943214
LYV,26.338658437991644,15.557768570700569,0.5906818909295545,80.19521747350225,0.9639957368748754,0.03598209165894756,-0.004256774437363462,4.770888501354377,16.138513088075705,16.117828715674428,16.11381367113592
MA,15.303883554044592,9.89784299084876,0.6467536789531377,22.88161432609349,0.9877384463125265,0.012240307000132327,-0.007923405320687202,2.33935285474795,10.020890920294002,10.002240585733048,10.001090577968103
MAA,15.12666168899029,9.813751337685376,0.6487717871569882,25.934994318119447,0.9561859312128442,0.043734286092364696,-0.024541686462351005,6.171846103579534,10.26309932217948,10.10820042814032,10.103488400870964
MAR,21.931939873897466,12.516854159263428,0.5707134996371431,221.73774093800586,0.9777062762372951,0.022253098672312645,-0.0019613263568404775,3.715179486454098,12.802511101850302,12.795141814978317,12.794418175966515
MAS,15.951872582079618,10.81941076560404,0.6782533342047001,15.52250424490909,0.9364214736736195,0.0635062414538397,0.00017515407966361334,2.958745159043219,11.554212540735355,11.554748081008238,11.549324802951803
MCD,12.469990360392897,7.719401201221294,0.6190382653173179,47.006104730891074,0.9777276497549221,0.022242071368708923,-0.010073423151916923,1.8617406382872395,7.895183001683874,7.876216496773231,7.875935446174496
MCHP,20.77236300090236,14.398214152621795,0.693142814421081,10.338155757380603,0.9604217669101047,0.039576992633761195,-0.003036820631304186,3.166748033831854,14.99166831802281,14.981855321303476,14.979368488189227
MCK,15.99877566879168,10.102159510764155,0.6314332871402233,48.74644561364799,0.9763478791244631,0.023643321092621388,-0.022556969487644886,4.435414079734963,10.346564616683644,10.245310514009294,10.236744058131908
MCO,15.328636233772638,9.69658622449363,0.6325798379329886,31.823218016738316,0.9730970054726242,0.02688634508921679,-0.02671614801922504,5.2638022687671775,9.964821894665105,9.822262665025308,9.810103077998614
MDLZ,12.28266992761541,7.9304710037006565,0.6456634469896806,36.22595194316255,0.9158352445283344,0.08408318997838649,-0.0077326678334682115,1.3345127863868174,8.659219099253539,8.648436004590659,8.642011755753876
MDT,13.65596836716189,8.969854058328286,0.6568449645722549,38.15979006373955,0.9501975056177959,0.04979930307441224,-0.004895718697191405,1.5017507806727035,9.440014068312948,9.43247170620263,9.426911410994956
MET,16.347406062986778,10.709433915025775,0.6551151830303952,20.903772235775005,0.9348487597649859,0.06514930969079441,1.7658774486573997e-05,1.9470023327272787,11.455928729432621,11.455964288990788,11.454733902874576
MGM,27.184556798900108,16.435360326716964,0.6045844502192488,57.258897513764516,0.9215133685804694,0.07848131974769529,-0.003781283869300989,3.481569781106603,17.835408992252535,17.821695010534253,17.82130902932338
MHK,22.059371477971112,14.424529070101016,0.653895741522174,24.236858315512645,0.9637620515211344,0.03623731804146449,-0.01768800246840093,7.648214317708337,14.966957327185666,14.829155832422124,14.828230245860217
MKC,13.998606051797347,9.287105905464077,0.6634307638274928,22.43483605646624,0.9454906150637226,0.054452825195183276,-0.012416442878001026,3.8048768981883767,9.822604772506484,9.774018990863887,9.769897306668339
MKTX,19.59084601422423,11.986738920253424,0.6118540726393475,39.46049458076358,0.8776955171377937,0.12229279696528605,-0.039084170440177805,11.337531871157822,13.65684944337838,13.183864322084132,13.158790917596342
MLM,18.075988596668243,11.402690837807173,0.6308197627381172,24.211769955681486,0.9314092780387551,0.06858365595667472,-0.039420834109859054,8.422719735806337,12.242268200634351,11.898229040082269,11.879872591410814
MMC,12.990787678566466,8.202166879320375,0.6313833373516797,52.5660091297363,0.9663493135879689,0.03361159202937706,-0.009325184186552288,2.804146116105347,8.487912724040438,8.461312151333921,8.456469701580483
MMM,13.988500060940515,9.443866552197454,0.6751164535908432,19.940834040541937,0.9588768326284762,0.04112200435729847,-0.0036391178621855004,2.194244196641026,9.84893215787932,9.840777614129925,9.840140946294111
MO,13.359679484351489,8.40710299353184,0.629289273247856,39.769248163729365,0.8870092783639723,0.11297385620915033,-0.02639091325868763,1.5365181818428366,9.478033167202577,9.434977726231637,9.429252367263272
MOH,18.978355179584156,11.820661447125197,0.6228496271289725,37.36590508876573,0.9153090001630573,0.08469080521886821,-0.032874559323592165,9.390671623721218,12.914415519930872,12.591735015055978,12.578474671170465
MOS,26.0690335929132,17.17574383207116,0.6588561778040112,18.44800572903526,0.9147146971272049,0.08527413876758855,-0.0059256916678885364,3.351985592842779,18.777149921081026,18.75638174463959,18.747576548592775
MPC,24.857400799344166,15.6671628585917,0.6302816205548354,51.369679636667314,0.9663098495630639,0.03367738520576948,0.009508015102862203,3.2659991928593444,16.213660568733644,16.245250431033927,16.24743972081505
MPWR,23.51256209680686,15.700011703463394,0.6677286651630171,8.810487095594748,0.93719995930691,0.06276741211239027,-0.03871217998861071,13.076083809316966,16.751817358677894,16.22892873485112,16.209906415197203
MRK,12.730378496960858,8.486686377361172,0.6666483937918429,28.260565574927234,0.9458338146560928,0.05416611530148648,-0.0012642240924477526,1.1789038864110781,8.972700919027345,8.97116843822179,8.966764882029086
MRNA,37.84096014713008,24.562543796211752,0.6490993806898585,23.982419603668568,0.9804456863821701,0.019518327378589388,-0.011438925409994733,5.628888606667173,25.051867421449362,24.986840063017997,24.987412323997734
MS,17.18020095106588,11.131006675909758,0.647897350421805,31.087250100607953,0.95304646344621,0.0468770676194257,0.006496614896881739,1.4816201342103656,11.67933850733856,11.689198281277504,11.686964966630226
MSCI,17.704946315402605,11.255622990960301,0.6357332459781792,18.074686793015342,0.933743493957184,0.06625642382937427,-0.0324473116821345,8.48317697399506,12.054319783138329,11.769465041265939,11.748004843409754
MSFT,15.451310701705133,10.119772505094707,0.6549458942650048,21.031988796059967,0.9856878600848015,0.014159057827180098,0.005057857832378506,0.8582725458917622,10.266645607933462,10.271018030576968,10.268163367183362
MSI,13.805477315693548,8.923049652547101,0.6463412635797615,23.59493279663251,0.9639509493501739,0.036049050528219495,-0.030008991545159434,4.737677886243679,9.256745818413593,9.111938849417292,9.099716108986595
MTB,19.392509633924174,12.808089569396088,0.6604658092828961,41.322993572646254,0.9742041395173733,0.02579286312910767,-0.019441698346047954,5.680621067740746,13.147284971992491,13.035391426502382,13.027241456354252
MTD,14.453550099459871,7.067341697549548,0.4889692600722126,27.766041139005456,0.5495999725383631,0.45028839897213063,-0.04181308386316037,14.87074524549139,12.856659053065629,12.017930202746351,11.954805905616851
MU,22.590616872315458,15.618574613137689,0.6913744189198336,11.607768614963938,0.961037632039618,0.038926381721141545,0.007882881164648612,1.5177059323158006,16.25172601317003,16.263930019219817,16.263134827461286
NCLH,37.54973457210667,23.284661222181345,0.6201018858726648,37.03843425102076,0.9002306726252844,0.09976401570288033,-0.022537726446962555,5.30226728774907,25.865341034323112,25.73939200725044,25.736745865187142
NDAQ,13.927550071009236,9.190147823094076,0.6598538706548069,19.81249718557313,0.913480076888717,0.0865091967712055,-0.018407251890631412,3.7519894265969533,10.060793660705052,9.9885331508851,9.984037682918837
NDSN,13.588348642535523,7.847915985000479,0.5775474409329031,26.21294337226291,0.7770967531884938,0.22290226177479294,-0.046486687478564964,9.913842961433648,10.099161796711387,9.576364794486867,9.536264863098017
NEE,15.943105777236367,10.584547975254141,0.6638949852773858,22.801316246577333,0.9456824689148186,0.05426536103391998,-0.0025715534760274825,2.0811015774009953,11.19239675119936,11.186893540138396,11.183154524984804
NEM,18.627577061749157,12.400188507184998,0.6656898246121442,26.150407497664453,0.9320375603949775,0.06793921750253629,-0.006755541058712936,1.887910960408866,13.304173959866237,13.290963286995995,13.292013140271749
NFLX,20.710665828868088,14.181728502517842,0.6847548321092738,11.280760839644882,0.9935202573459319,0.006473027215385294,-0.013475725177603435,2.771287376836483,14.274110680351047,14.236643988733103,14.235520718862913
NI,14.896333085638487,9.715797901366841,0.6522274874971623,24.392126637717688,0.8413695244894578,0.15817564289180008,-0.02032756963783808,2.5203773765507065,11.543531996791577,11.48767756455393,11.482582253746841
NKE,15.298496145595369,10.244225641189976,0.6696230494615916,18.024501014086102,0.9632239219309432,0.036776057518415596,0.008148188039489059,1.5217622053639954,10.63535613587821,10.647990232869917,10.645232813707077
NOC,14.639672047615868,9.445798101849459,0.6452192420108036,25.08325186441964,0.9806985147140864,0.019231617484892594,-0.0239131184241016,4.634226408674841,9.630723514203234,9.51881949025251,9.513432968356605
NOW,21.053175543231163,14.14747109272464,0.6719875138871017,13.60293151127902,0.9929727426748612,0.007013365091967712,-0.026748973335691453,5.425480848570689,14.247951274890504,14.102312609981729,14.099627995254286
NRG,19.640126680486947,13.242621402184787,0.6742635430830355,22.93493935134271,0.9243422196132973,0.07560319350712363,-0.0014400653398141988,3.087715784658745,14.326504717062889,14.321879808822345,14.321867510276954
NSC,15.450887611004024,10.284010954450942,0.6655935382719848,18.76666742857183,0.9819792258599608,0.01801881278740227,-0.022962489542631925,4.008089793027959,10.472598445717933,10.379722069117783,10.373502307346035
NTAP,17.08435947105689,11.453748865953289,0.670423078217092,16.903075866172077,0.9521414201572796,0.04785849764015703,0.002979283373840228,3.3029102748248573,12.029438816347831,12.039523397377527,12.037469408799216
NTRS,17.341227439303093,11.127093979936067,0.6416555009662708,112.44582874767228,0.9558093557990199,0.044164350932909886,-0.015503065222967675,4.774423295847718,11.641754780083176,11.566044848093629,11.56252503601653
NUE,20.30516880416816,13.971698438855286,0.6880858058164596,9.77917292381729,0.9679664836549663,0.03202328966521106,-0.012686641058535038,3.924187605472791,14.434188808493518,14.383586974866938,14.38156350095096
NVDA,26.240184891920403,18.169322449786215,0.6924235680740465,6.436428827956343,0.8872905821363917,0.11254466057959507,-0.0414535264159839,2.831974003779286,20.47711195244417,20.352483326174166,20.35640857216036
NVR,20.291748462813135,10.597865494860098,0.5222746336660862,302.2713196746326,0.7457483037301504,0.25381068978448373,-0.07899045970154646,14.88086526762707,14.200302156673937,12.839149958751559,12.7249112061593
NWS,16.295805314361694,10.422833611231198,0.6396022418140591,17.183238902459777,0.7845689229540591,0.21533015746989545,-0.005386065161699908,5.473956119013551,13.283802958387612,13.250517283716198,13.244413839834243
NWSA,17.389727402480016,11.43812454954387,0.6577518028208214,13.692963720563277,0.8095838793384234,0.1902162525777175,-0.038159642925066975,3.498223106044361,14.126410297687642,13.978048912226912,13.969715840025899
NXPI,21.35251558579445,14.519220677457946,0.6799770555895248,15.415068420003252,0.9835215321617644,0.016452736976754444,-0.01883226966348796,4.332552341937016,14.762809128213702,14.680536656257214,14.677306144882177
O,15.145087405902927,9.452596531028249,0.624136149081848,46.80272145951999,0.9279691854246062,0.07194212871068767,-0.0025204213873579293,2.2275180704325304,10.186872089370722,10.181043981055103,10.181453027533776
OMC,16.05545455247821,10.759911388529183,0.670171707276164,16.102327056914103,0.9491381216661009,0.050846896916765916,-0.00023088549649070958,3.1979747794957665,11.336521371461721,11.335763480062514,11.333822823341382
ON,25.84385319489009,17.743099517531043,0.68655008151181,11.893952566383525,0.9471053680441154,0.05285386617264347,-0.0051415600322895745,2.8946811834944683,18.734290366139067,18.718997231925897,18.71643883556741
ORCL,14.918856801692664,9.804273515322754,0.6571732436100854,23.647147785718882,0.9465302409727182,0.053427285960037055,-0.0007906104518182668,1.615364801278393,10.358355209371618,10.357042508058003,10.356169585806127
ORLY,14.264946679808178,9.028608642453705,0.632922705223537,26.395450207410175,0.8445422465977237,0.15540778968726568,-0.045093132898166396,6.446202624695013,10.689293576264218,10.372990312985277,10.363077295110573
OXY,30.67149076500587,18.186399575110464,0.5929414945771053,59.951236137510115,0.9323016028102858,0.06769661682325438,-0.010574929268220267,3.4304865383153755,19.506894223069978,19.469323030954882,19.464292719291734
PAYC,22.78081858525742,14.897541608576391,0.6539511103528701,20.399016071283686,0.9596951993699226,0.0403047946716069,-0.024072446067995898,10.04348365445183,15.523196307126584,15.276400408387529,15.268282433854248
PAYX,15.581447710318741,9.484786546060905,0.6087230610657345,81.32962059157994,0.9575439000453719,0.0421904635878435,-0.011639843357876309,3.0127640862155802,9.903851254800756,9.868014150179127,9.86455440567432
PCAR,15.116616249521467,10.103968689531316,0.668401481042503,23.89822100807944,0.9369950871720826,0.06289973975563495,-0.006203289764574917,3.0536004756071704,10.782490280742882,10.76292141625394,10.754672592127397
PCG,22.677372464756605,13.754419705880844,0.606526162907845,62.54207864450095,0.7559234209263644,0.24387069735637634,-0.0863838205203632,4.265659110055691,18.19379895785218,17.769980708743116,17.747301358079213
PEG,14.164186933356497,9.317260310327901,0.6578041051114526,26.637857136761035,0.9318093691197258,0.06795024480614001,0.0005858087720787556,2.451599769373582,9.998054569243093,9.999542360170475,9.999863929376868
PEP,12.171542443033907,7.62985636703031,0.6268602687572336,80.14528810170602,0.9654707671429783,0.034405187243615194,-0.0002312114727860557,1.4411935221340366,7.902481605827794,7.902142479023722,7.895457832601923
PFE,14.404594557253384,9.627166987126303,0.6683400181005842,15.217148043076545,0.8783867789203077,0.12160910414185523,-0.057617108061778534,1.688863986569954,10.960096138903825,10.856270829038785,10.851854022361552
PFG,17.59498364027523,11.217383690100164,0.6375330559798517,27.675883956774967,0.9416161036511943,0.05836751797450487,-0.0005316534517391826,3.9321169163144574,11.913335283493163,11.911180924262787,11.907814937944453
PG,12.013100799832383,7.496000960730737,0.6239855209435459,65.79163666120809,0.962047387288228,0.037944951700410214,0.005145837170388362,1.195881914102946,7.791764274099861,7.798038297084353,7.793502679315629
PGR,14.284626265907239,9.508126015629443,0.665619515599246,23.368639920604178,0.9634545998131164,0.03643541645989788,-0.007715414261621291,2.476932492339358,9.868276822301011,9.848807188078736,9.846857408416875
PH,17.54687982537853,11.365943560820785,0.6477472732435263,18.250617038908313,0.977869116596448,0.022054607207445634,-0.027453709091813102,5.765710537803391,11.623303628757212,11.463232319352977,11.45684649292881
PHM,21.62098146322092,14.16504745870206,0.655152842288773,23.643625718697734,0.9493337238811156,0.050626350844691456,-0.009006423210429083,3.518730988195643,14.921150557765767,14.888624684777184,14.88466503700023
PKG,16.42946222317902,9.95511592180638,0.6059307229034862,54.77929830840461,0.9487818820852455,0.05121305690339656,-0.02468340113002962,5.884981638457209,10.492526734876908,10.34339608111335,10.309884541757175
PLD,16.594496743357794,10.950233854602727,0.6598714033907493,25.126944413374698,0.9679242353071543,0.031924043932777556,-0.009759289047119203,2.7213980937067768,11.312657704616516,11.285662316536103,11.283627343870545
PM,13.319887369286727,8.407076914262639,0.6311672674986616,41.22497441642298,0.946320386219511,0.053526531692470555,-0.0007291824365499507,1.7241171808421485,8.88347680905761,8.882184447946162,8.879133117874941
PNC,17.216238527307343,11.341819192495139,0.6587861323195214,26.709141741134165,0.9741442781759956,0.025847999647126283,-0.018858396822618976,3.6167662989576934,11.642908461583742,11.573802808548228,11.572776368252002
PNR,16.66224592397742,11.137200902997284,0.6684093461236551,15.313472656961572,0.9380261227980288,0.06192787029888607,-0.014633984701335478,4.277196960418453,11.873661186244785,11.809034129203775,11.801212890836348
PNW,15.123725743329441,9.853269638444216,0.651510732584539,32.04704225300784,0.9436009978640173,0.05629873065937338,-0.010417806639094982,4.733528449575226,10.441416005490163,10.39065069014061,10.387566057708877
PODD,24.114922883179652,15.88394155235257,0.658676854547677,13.093997469908082,0.945365275975961,0.05459618014203167,-0.03453675785145208,10.978523762389349,16.80112852889389,16.411163476301518,16.404835730188132
POOL,18.652791305390178,11.889793059388184,0.6374270137227311,20.374477905297844,0.9065687772885488,0.0934264068547987,-0.03810695997009302,10.45669625465355,13.115147130439865,12.696644282446085,12.672707190197753
PPG,14.968064278166333,10.154799100106194,0.6784310189607371,11.647002106378197,0.968449626131085,0.03155015934980867,-0.007381748014050894,3.584960673229018,10.485656449731303,10.458765564831024,10.455651583290738
PPL,14.582182500447153,9.352332544005833,0.6413534149445085,55.98090413557183,0.8423775476473735,0.15737064972872833,-0.03173420987559309,2.2565150063497343,11.100839143963551,11.022817962184421,11.021290863064536
PRU,17.221614105088555,10.880225779762693,0.6317773533520217,27.835941998801143,0.9592448656390936,0.040712804904944645,-0.0010063674712781831,3.0995485116083747,11.343186628260048,11.340001768695686,11.340019479302264
PSA,14.617412089619453,9.843562880098894,0.6734135166846185,14.6691820392675,0.9754761886744046,0.024403422875038595,-0.029403896646809587,5.332157650846656,10.090323151960414,9.93157834301855,9.926674491463379
PSX,21.558769192164647,14.423060424479642,0.6690113102431461,20.725796892095502,0.9693237383223259,0.030666931321953157,0.0027836607297492006,3.3225328231815103,14.879760267989353,14.889154281023869,14.886253325976709
PTC,18.310932462220254,11.627930937613614,0.635026695751555,63.51894627002201,0.9580733058322661,0.04191478099775043,-0.026006578561297056,6.196138518348736,12.136654050410248,11.972025570517062,11.953781437923395
PWR,18.69058103276639,12.654751731871386,0.677065721482194,12.216379093128229,0.9659031098214125,0.03400820431388117,-0.019484838209015684,5.129652787003684,13.101122694960791,12.999423388401844,12.986606371395242
PYPL,20.995422986940504,14.386818691901933,0.6852359536100211,9.69213458182133,0.9683131834227467,0.031604252128269596,-0.0005325917806277881,1.7726624169296943,14.857771417257236,14.856811988846642,14.859065380875263
QCOM,19.82534446084531,13.536446554646332,0.6827849362910472,11.24110051552589,0.9762893130815481,0.02367562083719289,-0.003393537933192526,1.9791931350574008,13.865426413277822,13.858628875711624,13.85616611897321
RCL,33.03876526643904,19.760604244755555,0.5981035939266315,46.146529554248225,0.9728028164936775,0.027193330686780467,-0.0034071605061838347,4.504085719894242,20.313023216705655,20.297464032209128,20.29450808358426
REG,17.761301587904644,11.199076769886416,0.6305324367394859,30.142260202371247,0.9344363664082924,0.0655352653169247,-0.008541483121383989,4.9052882956741,11.984692588638044,11.94134919041243,11.93395228989395
REGN,16.990604934022283,11.052500852835772,0.6505066120808949,25.35627281271078,0.9653068289661619,0.034669842530104536,-0.03113917323078838,6.814998524349711,11.44911313771812,11.233119900082343,11.222684289956916
RF,21.280457735196183,13.830768253440638,0.6499281371455488,33.97081651239143,0.8340772571664736,0.1656631820387279,-0.04277052515818423,3.529904358378254,16.57952657388296,16.41421457335498,16.4118281423146
RJF,17.6881543652359,11.26615839418035,0.6369323877183439,53.415632074657296,0.9438472465928499,0.05611794803934542,-0.0137394031982226,6.243809738381318,11.936448590590679,11.848147376947024,11.843224653306978
RL,21.737581740338943,14.397010647784708,0.6623096727023612,25.183072188688577,0.9697619923689833,0.030216144684605206,-0.020295505312284932,6.102255067945605,14.846096565420321,14.720332187771994,14.713365883926821
RMD,15.892716087374184,10.431005185532284,0.656338735819933,16.467570758333668,0.9635099937819647,0.03647832032111508,-0.0322308318899356,6.076095825043179,10.826160879850375,10.626649341375257,10.617533012328044
ROK,17.21510059243716,11.271581134532473,0.6547496527254822,24.78266743946223,0.9784467909695228,0.02153656142827211,-0.028612829405815755,5.807776198771065,11.519764358532063,11.35176714766711,11.34592824931064
ROL,14.88012001773785,9.719493036308124,0.6531864678995869,43.63958905600606,0.8806841356617715,0.11923823386705483,-0.014712599631790264,3.4454176942420407,11.035941686754217,10.981925837325475,10.978148693072052
ROST,17.364231318778153,11.334134240845517,0.6527288212630797,25.797926650008996,0.9672044702722762,0.03279520091747166,-0.006267845655349213,2.958664680780602,11.718496573972025,11.699640342825484,11.699208156558104
RSG,11.584454194721545,7.560651975535745,0.6526550019923041,24.097658509018544,0.9542025269954771,0.0456886379426328,-0.015894977206935425,3.074302205242671,7.923459347040272,7.873434452137461,7.870647803062021
SBAC,17.468274207766925,11.532894459876628,0.6602194540058659,31.79266401163739,0.9749997105156482,0.02499889726963963,-0.022032926112949915,6.487156508209908,11.828659967737764,11.683908055233738,11.6692362581238
SBUX,15.141679904867162,9.823251797791105,0.6487557430555315,34.73018426075575,0.9545538541638705,0.045443518150941734,-0.0028767276330411767,1.3401402355304268,10.29089784650493,10.286951921983453,10.28689992307897
SCHW,18.949879156038932,12.372367598487926,0.6528995513169333,23.044889579195996,0.9413696772828635,0.05859340851473031,-0.005805284566589701,1.7460329248647506,13.142629232042495,13.132182129933494,13.132474555414955
SHW,15.52559730184565,10.007621631182662,0.6445885099694668,41.16656084195022,0.9789464513901485,0.021052283329105966,-0.028414998067958705,4.897015385602345,10.222901614972159,10.082264602840448,10.075274701125702
SJM,14.042851062009097,9.393996963296797,0.6689522606068861,20.846234822572953,0.9646680211742361,0.03533148074632791,-0.019891855675318648,4.1476172784907925,9.738053927707634,9.65405281601617,9.647806799921112
SLB,23.94258298051791,15.96332579148505,0.6667336521073944,26.256818951493507,0.9235647064266008,0.07639715936659168,-0.009648778732727292,2.783393695819487,17.2841671089343,17.256221516406146,17.252396965026545
SNA,14.840479284332707,8.986838849170917,0.6055625749674031,25.2509867908675,0.8850601887613211,0.11493669769288456,-0.03361109746996779,7.700766034995263,10.1541046646244,9.878979561010963,9.870582324139527
SNPS,17.895750448676612,12.082567540584462,0.6751640606095938,15.66257072616228,0.9841129415423372,0.015691853028097568,-0.03426968426462397,6.260319472318664,12.27803699120775,12.061773042665168,12.05358667939884
SO,13.662558607565922,8.966482359462981,0.656281346489347,31.697266429121044,0.9324626007862523,0.06724449737550174,-0.0011570235381559736,1.813330267070104,9.614113047243332,9.611940329086032,9.610844389291918
SPG,22.796132614158083,13.513588287902975,0.592801793033527,59.652202407164,0.9714991917026832,0.028483525208416037,-0.010084668369973075,3.627373074211283,13.910212249447538,13.873098688621514,13.8731723916857
SPGI,14.18312772345293,9.251861543264223,0.6523146180207863,26.17860169135241,0.9853146272509405,0.01467734109655507,-0.017423199771422503,3.6358027441761243,9.389986081694556,9.326168438096257,9.316170385803439
SRE,14.870230802277641,9.625009719281701,0.6472670025947048,34.95053156310835,0.9365208148595994,0.06344077721292855,-0.013315218430462765,3.36232439031186,10.277540196595167,10.231277686905111,10.229615582941175
STE,14.74504020344492,9.503349457452178,0.6445116002621605,22.223763265573858,0.9388105515729532,0.06114639848264303,-0.0336715872000515,6.742304106330691,10.12263543524,9.888329686313869,9.878401215423462
STLD,22.295127367720358,15.216603347705988,0.6825080250376637,10.867466248552645,0.9572424116873202,0.04274182876802964,-0.0025785499929619283,4.432736329928112,15.8964006951783,15.884718176368139,15.884265911954987
STT,18.703698569399176,12.089165363692988,0.6463515929128519,31.91030748549882,0.9536178458017317,0.04638083895725817,6.225189913424648e-05,3.194104199915292,12.67729545054112,12.67749906775938,12.677105270627402
STZ,15.31242171761657,9.386821625005101,0.6130200564033441,52.573542159994965,0.9771325008595098,0.02286038989422152,-0.03244073845412209,3.816355986409735,9.606433370224606,9.48118765397722,9.47366244131631
SWK,19.103142220062892,12.640567895719663,0.6617009783052354,27.462716399995568,0.9710187104675375,0.02898103220114689,-0.009937078951772834,4.38362183921981,13.017832647829577,12.973626973166816,12.970823892398435
SWKS,19.98205177992503,13.67717253249099,0.6844728801189357,18.197490904483086,0.9743563679633896,0.025616426271448105,-0.012306738654371999,4.174810360028919,14.037353946815834,13.985303936895233,13.978986121804889
SYF,21.206743708949983,13.95692054113989,0.6581359558398202,18.00326695432259,0.9137567581913119,0.0861673503594901,-0.005984948631710863,2.3730032029602266,15.274192149423941,15.259334727707808,15.2604158250475
SYK,15.243808443927673,9.936172520394093,0.6518169364921493,23.394891491724827,0.9815675299328864,0.01840456971461338,-0.02531691171537508,3.9012790305942304,10.122513932867141,10.022822543478766,10.018110025145797
SYY,18.42011644897471,10.934440050953716,0.5936140567429661,76.28221341895109,0.9437918099625154,0.0562061664681752,-0.006853436368031223,3.2659977209753386,11.585593347435896,11.562553151924604,11.562293001965992
T,13.147440098489355,8.622453162769922,0.6558275297835846,18.00834984812993,0.747481233594866,0.25251633986928107,-0.11730596321344723,2.7784765275768275,11.535334564002435,11.15834730268327,11.148999478716028
TAP,16.961166948708986,11.091393781077437,0.6539286957447034,27.436744157055863,0.9266203605759757,0.07337648732397473,-0.007018451175149183,3.2056132881902877,11.969817098346612,11.94644479612783,11.946222645405381
TDG,19.883273399391868,10.597639774199019,0.5329927100697186,149.108240031085,0.8361740986431005,0.16382523543812444,-0.03380441326148492,10.224376843555367,12.674076890990545,12.296102918533574,12.298196129186957
TDY,14.491722301156319,8.263746360197013,0.5702390777621812,49.995263103889584,0.7883325653206454,0.2116078223751696,-0.043539183965695255,10.331705619176304,10.481936221609725,9.97529843845562,9.957683414944983
TECH,17.983474709136026,11.62945488217197,0.6466745203730809,9.891263697824938,0.8457412372259483,0.1542483660130719,-0.04131917477015695,11.658714909323361,13.750431724204615,13.22660992439956,13.20216099885599
TER,21.38676695426212,14.872789709536097,0.6954201979823852,7.779637622343655,0.9735713131779303,0.02637731022010498,-0.005858369170182981,4.988772378610906,15.2769269329322,15.247306831577744,15.244784465664113
TFC,20.355107385638277,12.878522329067236,0.6326924287392258,81.59286375818597,0.9227733700763417,0.07716907061885228,-0.009915155167898754,3.188520854448884,13.955586178102708,13.92267516507131,13.918156227509618
TGT,15.77288758411937,10.643495849594927,0.6747969129198085,23.36847870196944,0.9764755305850046,0.02352123858674077,-0.0031930400680796355,2.1247351456599133,10.899966703305962,10.893101103456734,10.890178093935042
TJX,16.470998724815548,10.318144199486927,0.626443142390716,58.24222609588994,0.9443011798474545,0.055676855895196505,-0.0031746765918174618,3.4763227031119297,10.926827184320798,10.915470166471806,10.907879689826563
TMO,14.855218608978495,10.008465663471545,0.6737339871540112,19.51716421921191,0.9914186228400886,0.00856821490009263,-0.03175569212829011,3.864912652182379,10.094990862996903,9.971727864038462,9.961920451098077
TMUS,14.696741723138722,9.394653909629499,0.6392337898160411,33.296639868292154,0.9653920432317933,0.03454854219046359,-0.0014609061721181848,1.9260645353350179,9.731386807753422,9.72852301687766,9.728443049956821
TPR,23.685106572199984,15.607140980289135,0.6589432448916133,21.42441752690855,0.9203792991009053,0.07958405010806757,-0.005738669745695544,3.027662599782185,16.95740512211313,16.939294419998344,16.93628835604283
TRGP,31.873748163598776,16.78692288826553,0.5266692452391568,90.71449744556197,0.9489616624337797,0.05091306073838825,-0.007380032769521598,9.734920755184877,17.68990352713044,17.616152788018386,17.614993279565653
TRMB,17.99657185263838,11.76714980573338,0.6538550731820774,24.978401978797883,0.9354845376142106,0.06447664417096731,-0.006462876979075248,4.5486644860223375,12.578652938833562,12.54825868497561,12.547766298563989
TROW,17.12465429241171,11.352777798512639,0.6629493129997545,16.139976165480018,0.9697123424274874,0.030225839177804244,-0.015322506191002422,4.073619415882037,11.707613326944578,11.644227991097631,11.637450962285024
TRV,13.860291437829456,9.076355267189529,0.6548459177717623,25.59648323314216,0.9713841120055279,0.02861585285166071,-0.012844480147359087,3.4450155759179983,9.343729474316937,9.298833001430681,9.297905682986963
TSCO,17.125246077933266,11.447219141116975,0.6684411475912914,19.45281894441201,0.9045179215265381,0.09544131269022099,-0.030672701934608474,4.587090520975278,12.655264461913331,12.507326116607098,12.503771999566023
TSLA,32.0757211241134,21.85088182543678,0.6812280771767296,16.122486267579518,0.9885502058652779,0.01142428653345684,-0.009002701265534272,2.154072015584167,22.104166913011145,22.084662463718892,22.09032025690154
TSN,15.968212124112682,10.361517661972039,0.6488840191649073,37.03881076820211,0.9379148093338008,0.06208371928895946,-0.009548338529262028,2.5856166767309627,11.047422648934251,11.02193027667326,11.021883313712713
TTD,31.46151387015567,21.150072851588128,0.6722522297838645,9.112989108245609,0.9659476208069349,0.03398614970667373,-0.021263926964530458,6.425120226423099,21.896468661832614,21.7574580541253,21.74806996927716
TTWO,18.15691934501304,12.278308029338126,0.6762329994438441,22.955659868097403,0.9754713368991578,0.024524723214679547,-0.01276815512038064,3.9494990537784753,12.58705636032832,12.535998465070856,12.533344789306941
TXN,16.023288627380868,10.82565837803498,0.6756202568513876,27.466586716946697,0.9774218766490672,0.022528781262405716,-0.002601861085511593,2.0795264289817688,11.075642375921769,11.070169601819032,11.067091547529335
TXT,19.139869936275115,11.83966929196633,0.6185867161786207,30.301376854085305,0.9415507500884284,0.058445353594389245,-0.004260372649754516,4.391638496614289,12.574887089112798,12.555605079077687,12.555047394648632
TYL,14.944161443134748,8.94168035925822,0.5983393844668327,15.51299394488698,0.7846248416824612,0.21537511441458332,-0.034906941074191414,11.162617118342771,11.396134177509953,10.956241437534212,10.945938664125258
UAL,30.124860127035788,18.45218829398503,0.612523617244117,57.05925187136012,0.949288237773768,0.05070354196991752,0.002907838949262665,4.015510145977851,19.43802600020129,19.45001028240437,19.45125800371129
UBER,27.15560338448703,17.991212891835097,0.6625230394296007,26.98952934828025,0.9414670719850334,0.058532927528560715,-0.004030371229405784,2.340075772570943,19.109763102580494,19.100042965209287,19.09536811091795
UDR,15.821084561569403,10.643126836141349,0.6727179034232773,15.971911712280392,0.90844151613816,0.09139429226765472,-0.00025498188818428327,3.2007197531636384,11.71542446623008,11.714568200631113,11.713991686116238
UHS,19.27317580265542,12.219562504177244,0.6340191481309301,22.354042437761134,0.9582048447036107,0.041794863312049936,-0.017013659161714795,6.527216522560947,12.752567501418811,12.639119573900869,12.635140524433835
ULTA,19.975533916685638,12.932098632038894,0.6473968949203738,27.529236673193488,0.9861165487620227,0.013883375237087027,-0.024462550308890493,6.026754876413962,13.114179708819787,12.965715716047086,12.95595655991018
UNH,14.989570803242106,9.760123102068338,0.6511275893207905,28.442219749704226,0.9904008579488323,0.00954964492082396,-0.013406512146496219,2.4344335457978223,9.854351052722919,9.821556008120181,9.818935730601892
UNP,14.537615562421268,9.404391176456203,0.64690052753671,37.266526343224264,0.979036351527002,0.02094084954346963,-0.003964419095562583,2.4381540714202012,9.60608401110257,9.596315209338417,9.590233819795989
UPS,14.574608548400061,9.839800097609178,0.6751330620601368,16.8241437495806,0.9738573211882036,0.026134709540823076,-0.009985786867268686,2.1513923103520067,10.103895370855167,10.082125580956562,10.081108862614755
URI,23.059946321900817,14.810097184180371,0.6422433503288217,31.56638645565444,0.9744742154305743,0.0255171805390146,-0.021520005876447028,7.467282560231799,15.198038796486165,15.035251768334895,15.026356186768536
USB,17.735431217361242,11.623110966312348,0.6553610579783629,37.819647003139494,0.9189070842705909,0.08101759957655154,-0.010581712997924273,1.8151920138972577,12.64852517306032,12.62848770927095,12.628185239033002
V,14.037434177247473,9.051748365901139,0.6448292652066454,29.825978609185277,0.9801415271704252,0.019827091879493625,-0.009404589626314165,1.3813717529555924,9.235476145536152,9.22235396448035,9.219004862762713
VICI,19.039707917805952,10.922085155796239,0.5736477262648496,156.01935810645747,0.8596869257839262,0.14012549209884984,-0.02580415154866672,3.0082594540265193,12.70338237074212,12.619661311755113,12.617288273360142
VLO,24.768843445744178,16.260002917923362,0.6564700105412948,34.42184069088368,0.9726075945263181,0.027380794848043757,-0.005494427211389751,4.084713721670263,16.718079255691638,16.69532224463958,16.696773914136074
VMC,17.71490226498177,11.422807988471785,0.6448134919181582,34.16163791634169,0.9729212523901565,0.027061003043535793,-0.023395111051347856,5.51809718305137,11.740530986552962,11.60965028603777,11.600721820660446
VRSK,13.906833316871575,8.853748740125218,0.6366473616523449,41.325955928083424,0.9678707491636724,0.03212253539764457,-0.023825927578457883,4.730912759778889,9.147489235580098,9.032915235834013,9.025429029592837
VRSN,14.002941456215892,9.086244000652036,0.6488810960941824,18.563431223216945,0.9579907969551332,0.04181553526531692,-0.02159343271952099,5.452923154334279,9.48237183314149,9.36207051200131,9.35675896929941
VRTX,16.584966057878,10.776554959183622,0.6497785356675281,165.6586170065418,0.984337407193136,0.015570552688456618,-0.025099391914259847,4.258679932949643,10.94766453717481,10.839927207688785,10.828329487739582
VST,21.69967552412708,14.45727420125865,0.6662437963730902,12.991718739711345,0.8719307689939944,0.12803123035696562,-0.0153669350585827,3.127772081240352,16.580574827226542,16.52910160535435,16.52554080768032
VTR,22.171958614211647,12.939089309043462,0.5835789942684559,88.42149484872837,0.9320739849419843,0.06782969244511099,-0.0037515638264374214,3.650802426771382,13.88198804882074,13.867801541814314,13.86530035171049
VZ,11.719845077084317,7.657755856731102,0.6534007750413209,26.646734298880904,0.879255222612411,0.12073794715716113,-0.04575621850833693,1.3996505844609823,8.709279534903505,8.640980860154727,8.637414427712539
WAB,17.392704419350252,10.981513183752504,0.6313861788817052,41.597457419087526,0.9564067366852799,0.043541556379036526,-0.017490269193745137,4.671534468426943,11.482388770482997,11.398841024409887,11.394728218046597
WAT,16.52815502918599,10.729324487840366,0.6491543955689036,28.32103241145096,0.929067666314111,0.07090816484708905,-0.027781036394632946,8.29906882581073,11.548261645162002,11.309065521812624,11.296884919822434
WDAY,20.091299122402095,13.776780801298436,0.6857088094386651,10.253314044742645,0.9856377891143584,0.01432620344537443,-0.013779451634707821,4.214133096406654,13.977835909090112,13.91934592411458,13.915947848676423
WDC,23.656074473733373,15.802317144407231,0.6680025108119018,39.0862170002477,0.9230841298601159,0.07687879190469864,-0.011849238607771748,3.012560435713035,17.119211857072195,17.08205785757478,17.08006366427154
WEC,14.263824005262778,9.282853113896142,0.65079694691067,39.943077621025466,0.9518718264671089,0.047949603649085515,-0.002398879341217713,3.2412438770774115,9.751443219723113,9.743473723348897,9.742862134996182
WELL,20.95481705464363,12.162416347970314,0.580411478480319,161.87354135417195,0.9551582825022966,0.044794296089632875,-0.01057977539041129,3.6861621000505376,12.733493092297195,12.693589388851647,12.683505816740414
WFC,18.65482939393329,12.137666255728634,0.6506447204323351,43.028196315322454,0.9176146897253764,0.08238120543820025,-0.020871909485117704,1.6098763236747389,13.227401050469345,13.192323882913156,13.190096200355375
WM,11.824170688105664,7.689317641879184,0.650305027278922,23.211013839950645,0.9630120204711436,0.03695584783667685,-0.01083400388577803,2.484503504147544,7.984730907907594,7.957301732828247,7.9537310005295065
WMB,19.065298894225116,11.564631084233833,0.6065801091498629,50.06969481355983,0.871235625615196,0.12849298082458704,-0.03066812954517013,2.3298567834450354,13.270401815342327,13.193851197209082,13.193230724576441
WMT,11.672334253414355,7.653148781983483,0.6556656634250178,25.46240562446004,0.8944527789943361,0.10550905628625835,-0.019848704168429654,1.3208657215021475,8.55628669440847,8.528565488433365,8.526222433805074
WRB,14.416705916623602,9.46709215446544,0.6566751246239361,23.867138627227305,0.8821193167816082,0.11766781724544823,-0.023710039097887645,4.442898880043289,10.730819850155978,10.618660616625132,10.612233167355523
WSM,24.981978017822136,16.53611714463678,0.6619218515379334,41.59357908232423,0.9591485365152669,0.0407865019263983,-0.011250226599241533,6.346332405275223,17.240083197323322,17.167180910540992,17.16346887374443
WST,17.236363395973765,11.256871027977366,0.6530885181155356,12.804035716906688,0.9338366018125895,0.06616238246597189,-0.03243712307727601,8.546556536990225,12.054339949271299,11.76746141552888,11.753983096868765
WY,17.76822327481115,11.504421428588634,0.6474716830521655,21.93922131801955,0.8815371443822664,0.11841813914352775,-0.015422293439502618,2.447587823395825,13.050072120046124,13.009868335408866,13.008278683950254
WYNN,26.772981502092655,16.68644990137071,0.6232570660860632,40.09850300980111,0.9700945404636642,0.029870244896151633,-0.0014498998642502826,4.146301698907638,17.200142935617546,17.19403925390322,17.193332503417764
XEL,14.08297601684112,9.350839717227428,0.6639817966064296,32.34219716746551,0.933361845013061,0.0662946725122891,0.00664595042282245,2.0687528468174237,10.017422529664465,10.031653702210942,10.02968713158352
XOM,17.209959806040395,11.43657151072157,0.6645321453166633,19.605752234595098,0.952638867074909,0.04734898155433167,-0.002735872667295154,1.1692001063591473,12.005301010731907,12.002023677674686,12.001446739852442
XYL,15.948939036001857,10.424567485849678,0.6536213764638573,19.24044498909886,0.9607771737876676,0.03920331251937469,-0.014962067862268247,4.302047980954112,10.85002680244282,10.78435853900777,10.774807410234587
XYZ,31.48652928762055,21.27839640716225,0.6757936453646609,13.759790328277262,0.9762144558598068,0.02377995642701525,-0.011442787735197142,2.8187463657216925,21.796497800611515,21.763852909535082,21.76525926674524
YUM,13.671327967969745,8.673244651122957,0.6344112782198855,28.768933706266665,0.9579141456825232,0.042081838713963066,-0.011443417067220803,2.7391152996097334,9.054372480818301,9.022346477304994,9.018905979649526
ZBH,16.391557225444796,10.658803169644067,0.6502617794664615,20.47282452746183,0.9670953168139663,0.03290413294509704,-0.015362640510524144,3.923736501562529,11.021427416899714,10.960131568203169,10.955479384641974
ZBRA,18.346101634724192,11.836820400406245,0.6451954009674925,13.652779007168832,0.9107424495619216,0.08924834756036802,-0.0391193883921435,9.718737063659754,12.996962498107564,12.59857646965729,12.581554153379498
ZTS,15.29303244567545,10.122167468258407,0.6618809908508855,27.512846474736275,0.9745873309698471,0.02539773922478217,-0.023930286082231106,3.093386378201398,10.385899811881202,10.310915281037097,10.302992123973654
