ticker,b1,b1_t,pred_b1,b1_ctrl,b1_ctrl_t,b0,b0_ctrl,cls_b1,cls_b1_t,corr_x_cl,r2,r2_ctrl
A,4.151009319034916,71.33770735011247,5.771907568971482,0.125604516043793,2.7043521685636045,5.340247503725702,5.426908104245523,0.07052714164125518,0.8459729077677259,0.5757001151785345,0.37088668818261317,0.6152691633513845
AAPL,4.188500176482601,67.9064863246752,5.873779395722267,0.19766009089266925,3.0373355631177796,5.48900753918448,5.563930439466376,0.15125242131200556,1.1563657849927698,0.5874109126309477,0.3871351639295697,0.6513024720072308
ABBV,3.66502243751288,58.77077246684897,5.155730741228876,0.05020148308123864,0.7710356101965655,4.896490671400164,4.947136226905493,-0.016947309288718144,-0.16059454928361763,0.5563396041470183,0.36186094885807574,0.6423932521708966
ABT,3.6414091391215027,60.70469050826103,4.991790294243387,0.10232975596216429,1.628314852364128,4.717427780377571,4.767758412512365,0.09733941019282696,0.8336500383982778,0.5707476001697793,0.37718481501166423,0.6466267742525271
ACGL,4.421455928466913,51.37281059255758,6.084265336670075,0.17083565929294395,1.8052575161259676,5.677909611651791,5.755016590043334,0.3034221282287657,1.7335308528244662,0.560810571260778,0.37083968138491363,0.6275637017235798
ACN,3.4817163044336685,44.256323839491195,5.090387023349027,0.048925352818819226,0.6241751432481019,4.764740584309421,4.810844525562899,-0.07392737553348198,-0.5755092979816503,0.5558189593439387,0.35044276613800696,0.6129735092973603
ADBE,4.666816511247335,74.62869277035666,6.625991012472852,0.110399595557275,2.0555745638134746,6.154823507690774,6.203233100442136,0.048280595650517025,0.4770656615427664,0.5855411538274901,0.38442602672432913,0.6362122645354127
ADI,4.751547870762597,78.6583251180751,6.4554852516547605,0.2216500340685511,3.1288513173774652,6.076558631710596,6.11794595169695,0.2407895648852797,1.7400321450578782,0.5937436143296398,0.38744857278571765,0.6378948368152277
ADM,4.278280554347756,68.08500215072594,5.765942295872048,0.1509794963878791,2.462669862191318,5.421973506919897,5.463122056335479,0.09042581038521892,0.8106898011994077,0.5873571969453497,0.39232719632920954,0.6518917759988017
ADP,3.360611173629273,52.94989596245684,4.877967539534529,0.13844588229284127,0.8752534964418198,4.545454361816734,4.585947982587558,0.11886099934978947,0.48422261797071364,0.5470669774499177,0.3338433064640304,0.5860888381095646
ADSK,4.996366966551729,83.17159922904177,7.023274687999367,0.20326147018154225,3.2795446394529875,6.4810919336935155,6.544214527473063,0.19923974508745773,1.9502715316281032,0.5796323979045204,0.36638093702225716,0.6052196248552328
AEE,3.767323020937615,50.63845101271534,5.112098238975657,-0.04065638794905164,-0.5727071839707161,4.896529495465415,4.95022482247106,-0.18820000418752092,-1.5309107114705394,0.583302865100861,0.3614605500171836,0.6160287175889769
AEP,3.654713975677164,43.15532525878459,5.151465550617708,0.1125551132904566,1.5271995139624213,4.948873303748066,4.987452839982614,0.08061219368355554,0.6823696870979312,0.5706640500881462,0.380240033192496,0.6416535389678185
AES,6.113335018793094,30.398831314761054,8.742138237862575,-0.20704059111544507,-0.86093007339901,8.07038014276594,8.12559503586733,-0.15832774342388117,-0.5697573835928373,0.603480503119225,0.408963756862865,0.6611995285223801
AFL,3.6795820897672686,34.09119157242033,5.4468580389488155,-0.013855505420723639,-0.15075911672908227,5.054003162191105,5.10135081067511,-0.18611390349593226,-1.2834276035434493,0.5495438419559114,0.36306848908512956,0.6394279795393203
AIG,4.745682883761535,42.449106091989385,6.996295255517433,0.09124345707247843,0.7027266445362067,6.551807266827116,6.591141836492421,-0.040745074732549985,-0.17547098188281962,0.5545201602187699,0.3667339609174115,0.6348221473999653
AIZ,4.0625141456198595,70.634958750943,5.367477932076966,0.21692030349442903,3.2426031213569493,4.872741345445659,4.893055379419963,0.11622951336041472,1.2081164883271065,0.550355988727207,0.26550002372668813,0.46334527920154756
AJG,3.588433219621161,24.784914350410368,4.89723214231865,0.17818384901974477,1.8207136218333506,4.508320949351921,4.569778240640257,0.11958400038852698,0.8175785572882779,0.5399509709618445,0.29772116633691037,0.5325126958471113
AKAM,3.874842679548859,56.725275239151465,5.506315154821014,0.07986794549682066,1.2399091663939907,5.254300475317094,5.279165010058333,-0.05232776540112852,-0.44939568543047054,0.5628011781352803,0.37011376077157787,0.6220618357719587
ALB,6.946030608102459,82.62941148303385,9.742581616483658,0.1141820291758949,1.666977137513788,8.997490758514585,9.036738537337394,-0.026162501086265492,-0.209938683795634,0.5828012178785846,0.38790791868329166,0.632376081452529
ALGN,6.343857839775457,80.69951574454444,8.910817739922578,0.0672428644848691,0.7753799052399121,8.12965277843244,8.222686306092609,-0.17118433082542947,-1.5202134844779538,0.5656551482873364,0.32423347899864363,0.5552695919669415
ALL,3.876856991964484,36.6023728485978,5.583508362164698,0.01992979204824249,0.1961632019316508,5.206421100605399,5.261964484028329,-0.13411301929843777,-0.7389958185973917,0.5605088020294077,0.35736106304552007,0.6138515707206676
ALLE,4.381282241143468,47.76833320871424,6.136401407134443,0.15538989379100998,1.490166400015522,5.566552184335711,5.628343977027697,-0.012797580148569215,-0.08656200731350462,0.5622149808542187,0.3167582993533039,0.5280000597211773
AMAT,6.0563677156900235,80.14681516742665,8.264213781157133,0.10183534193800532,1.3969021872980671,7.7104809799510905,7.7905787183932595,0.1115109177011118,0.8601254547673018,0.60243390361218,0.4050871694830338,0.6647760490558542
AMCR,5.860745438799918,61.67549312192909,8.809715637076717,0.08831982875850314,0.7806837700635559,6.500650247115627,6.58830470281331,-0.26234202657043015,-1.569159442772116,0.6661295173930373,0.38732333794454066,0.5721565774035586
AMD,7.448747336948549,97.7192625703601,10.48000723469262,0.13014119891831713,1.801772998198992,9.452203511624303,9.526024354908447,0.24883823961937246,1.7227188983652633,0.6217096914585968,0.4376994717013051,0.69429644535672
AME,3.530757989268206,37.02110072986058,5.00922274598968,0.02469370364167685,0.24389362965014044,4.664211703514067,4.746146613921481,-0.1270883348900672,-0.8947908509657188,0.5538389454515851,0.3249732790200377,0.5682893810714882
AMGN,3.735979295619032,55.375696353993135,5.187424639601753,0.24443382552661877,1.6029781049191656,4.828916541702098,4.892155180420556,0.4369735099203273,1.1467246788652163,0.5522439793283435,0.33821638723469793,0.5969784158982283
AMP,4.14833504024044,54.375685956266196,6.047639936302714,0.056674908292393515,0.6416142199360653,5.506200059073601,5.534374414232247,-0.27325034902608647,-1.910936022472192,0.5363724766955557,0.2783729997061638,0.5036923980928951
AMT,4.181800865615243,67.06660803703849,5.858058386043348,0.07363042133454083,1.0361799868843384,5.474651922255055,5.566794015858664,-0.09566891252010348,-0.8407541606114102,0.5693753965884119,0.3644036211554279,0.6167764650969032
AMZN,4.8332388524627605,88.7790664468302,6.649510190887404,0.08660408815687592,1.831339065850417,6.366667609021705,6.438853346340126,0.033060031123072015,0.41660628855621185,0.601154583971515,0.40146109083271664,0.6615788573893674
ANET,6.122720140898134,83.02093125310421,8.214880837026815,0.1904819998566665,2.2491051880203923,7.575905317140076,7.592851039924522,0.10930043284996731,0.9467657116784194,0.6051441277853784,0.3804280245530637,0.6074463862240889
AON,3.6261914240100044,72.21668546640831,5.04757753069388,0.17160495377757823,2.933943427991063,4.658244340122939,4.705958487224079,0.12602342340794037,1.5491557054581127,0.5529385929258056,0.32362240350398863,0.5612220964460056
AOS,4.505505054309688,76.38808673937172,6.068261365859573,0.1910044757379754,3.005819603083131,5.632986887897506,5.714119492432516,0.1715077318509021,1.7708396596713043,0.5836937343377421,0.3648506028715689,0.6003353915351215
APD,3.697729815634718,45.889720998489246,5.125752709748484,0.03707948102202617,0.43396997942767385,4.7898184124702405,4.846598238964528,0.0011207280407932868,0.006961005240378662,0.5590149158740012,0.3146702383310346,0.5567433152091681
APH,4.478442200353752,27.80822128961155,5.747718088810754,0.18357978551705814,1.805191593504274,5.363681151907019,5.454971959672319,0.21108192405144824,1.463646255759959,0.5892349047177744,0.3711254173154861,0.6157225281528951
ARE,4.390812862024683,75.6856351517236,5.81759212118107,0.35632493602376014,4.174693662818111,5.3310041917448165,5.391986510708323,0.32843208898528253,2.3416046826681627,0.5751859657582629,0.3338763805326822,0.5514437212646301
ATO,3.7728913027687523,50.84861507110964,5.09018530875629,0.008834651024737919,0.11245415988618176,4.725096978645227,4.8064697578966165,-0.04127220583526521,-0.3367602194022234,0.573492323036097,0.31787334045086857,0.5537014062408668
AVB,4.043363208290189,69.92455262324731,5.46219531362572,0.07692062214766503,1.2820148676775707,4.995029992559038,5.039755029034071,-0.015939101937433267,-0.15744300331737804,0.5583476914969813,0.30080815612151246,0.5255318921446679
AVGO,5.230491719672318,64.21768940670037,7.271319003809694,-0.013056866649114448,-0.15064870327713267,6.855691024173941,6.940936848725801,-0.06838049034111265,-0.4336457865890079,0.5858824715215651,0.3661101421003422,0.6221985898495974
AVY,4.36975099520557,63.39015819199363,5.8686550887819795,0.4078468829390025,4.431259588848971,5.1887183795192735,5.263268159518495,0.30230239206262016,2.1290493425789543,0.5411273176606362,0.26719169895284267,0.4694413120080574
AWK,3.8783948766867584,59.46165081869196,5.3712677159617455,0.10314092809697863,1.516502754452524,5.001650980459196,5.045903674120278,-0.03622197204509536,-0.2884308921188907,0.5714450164990521,0.33440939783433277,0.5676998217720792
AXP,4.173147871706114,64.37845580581089,5.971787256087125,0.043781654070425446,0.5815199946855756,5.626238228171912,5.633669771020821,-0.1952550839829023,-1.29044719044234,0.5677325501089483,0.3683318005234615,0.638128261279489
AZO,4.448014186753071,63.693847441586136,6.226817102723572,0.40423711870191015,3.8313745390936296,4.9253408135331265,4.972279073290067,-0.20843085713691256,-2.0161403081206704,0.539285607675861,0.14113702817617735,0.26313374422738667
BA,5.50183829005187,52.51385390068864,8.088549839770291,0.35366307837976296,2.8301773780372788,7.799227224351348,7.896422633587615,0.34874531730178693,1.6223184790184089,0.5392451797247241,0.35132231825411364,0.6160165436107645
BAC,4.755760349773665,63.89130080953521,6.737202890969897,0.11990687201289085,1.5950129227857974,6.120896901517621,6.187697496123878,-0.07502558577231025,-0.6058495672498452,0.6001767302230384,0.4020430815291943,0.6569871811628603
BAX,4.362265442783239,67.4443308125202,5.908921517208688,0.05762267292699224,0.9938897300644735,5.654055149864932,5.7074034092098405,-0.05181181558542459,-0.47904360047434336,0.5839555474513463,0.39679970483333515,0.6555251136241754
BDX,3.4267396750211057,76.33348476276898,4.873020869545563,0.186524312114098,2.7572727661179015,4.517183042481737,4.5948057026999285,0.11805692333679506,1.0186494427053052,0.5644624779548226,0.34711364594784677,0.5806136818445019
BEN,5.621106088750585,60.61784712770214,7.964503270522535,-0.25293513571907156,-3.0733874718888536,7.437854635216144,7.4271634285864225,-0.4877573667133859,-3.1737532388372527,0.6114814112086128,0.4138091291752002,0.6698915399919418
BF B,4.165036728330263,24.97565691070503,5.609383169662534,0.05620658099259644,0.6709308303593059,5.121155240747352,5.268481034067733,0.0009804860866508697,0.009640577204649822,0.5569291748490022,0.32484686949253194,0.5784936879340168
BK,4.258946528906334,59.01286010652108,6.150975938099721,0.11101457251498924,1.4408373277090056,5.707882587644924,5.771268741567221,0.01738981989357561,0.1134319960456116,0.5914918387492181,0.3932380160943868,0.6470435609948686
BKNG,4.671918310053069,76.13445305499144,6.769629507822792,0.046615227710303374,0.6497317274432831,5.762381053043088,5.7797906894378235,-0.3262262344126037,-3.960891174026771,0.557379391985068,0.21494564252310255,0.37800147644585447
BMY,3.9229871030213017,68.4106231161847,5.266916181326856,0.11970603678389928,1.4801195572349397,4.909504816360204,4.9483495546898,0.14436114592630866,0.8588867625970926,0.5924484218945283,0.4063093161134387,0.6711247725858818
BR,3.5936515896122994,64.78932231683979,4.929862008957274,0.2079508993808434,2.925757642437864,4.427975680480879,4.5004866177696226,0.07090233861428785,0.7024286826518122,0.5526473199025405,0.2695983927175185,0.47902380070201267
BRK B,2.8321783411211503,63.0086149077231,3.9955743347756423,0.11320418299999867,2.116062866750101,3.8266139926563247,3.877211860765523,0.014920223930488093,0.13944821255170164,0.5780372721341855,0.3673905890991457,0.6172952277673476
BRO,3.803626265609376,61.21059461266599,5.252666370728425,0.0996441325921288,1.7775576446635388,4.9429917780019315,4.983434696695774,-0.02519073617582132,-0.24903081398128774,0.5685349671868057,0.3660423302290814,0.6118292691470528
BSX,4.205003827262631,55.371039095633044,5.735398579614973,0.0621362744159579,0.8218372124597948,5.355743238727269,5.44724002039547,0.1136623950448278,0.8507604692766687,0.582641019661159,0.37808325392738484,0.6469528768677921
BX,5.413729435500371,58.83826606568708,7.655365964475269,0.001991128171188728,0.022173073266869413,7.314333373586413,7.324456361174442,-0.014907121633689069,-0.11653850076084564,0.5637382562966253,0.37086483748186094,0.6455020674099068
BXP,5.334677131171585,70.63867337709031,7.201202793605849,0.054086972489923626,0.7207622791991748,6.7170557471086845,6.780234454410449,-0.07390170095392057,-0.6075588455400145,0.5904740794561397,0.3683205741919804,0.6072367987208438
C,4.797471847403219,54.12757119943178,6.787576616562401,0.21176722514681862,1.660269809079338,6.330864028035525,6.391870144623972,0.15403082243490276,0.6719266270076406,0.5709968899225422,0.37251073576592164,0.6430918939074727
CAG,4.487077034570604,55.591195273851014,6.068415291303037,0.2923918452865506,2.679707393427103,5.554252795481573,5.651155313234552,0.35040451102300596,1.8955499894101075,0.5833194683042133,0.38254394300278116,0.6414779046855049
CAH,4.199948147195246,57.1056176407031,6.030601353707391,-0.01656241383298544,-0.206556379305687,5.644368305816796,5.684189609438909,-0.11133366498422065,-0.7260934030874612,0.5675970307252303,0.3716886202897012,0.6384184621865946
CAT,4.220016834314498,75.90487417794529,5.988915768809367,0.05666668362254344,1.0956635448214211,5.624121313198037,5.6837725345099805,-0.032757400631318795,-0.2911308143099876,0.5816680674208592,0.38648901371566236,0.6477460558746988
CB,3.546325697340392,31.875988960522626,5.136806047828032,0.019423880468132707,0.1783861749118869,4.821638624446996,4.817978020421842,-0.1037687806502498,-0.6147485690779378,0.5375752290152489,0.3457153490341581,0.6077560272226066
CBOE,4.2303499661136925,44.09615138235775,6.080088111630745,0.1573219953903684,1.486407338033943,5.588629382924889,5.700707026878599,0.13770508763821987,0.8194478394405512,0.5382069584871185,0.2926940624880138,0.5160432963591792
CBRE,4.850910539384145,65.53648473660316,6.7556736056816895,0.12046376857650112,1.4628535421654196,6.341056208772541,6.452628190552826,0.0810162225181562,0.5772242884581409,0.571711297893028,0.3629986928616066,0.6164055396888792
CCI,4.309259111652788,65.0588952450659,5.790325212667344,0.20232866857049103,2.804842867724304,5.411206557174422,5.484830940008318,0.1812577751313274,1.2534045331709085,0.5826270054284259,0.370555360834373,0.6224163532670921
CCL,9.637343372564846,57.65153972195929,13.762456855709466,0.2911104747671789,1.339026058348765,12.374391543994946,12.467609888199771,0.13066216151886959,0.43221850872554424,0.5714515493476077,0.36459851750878447,0.6239877257436764
CDNS,4.929932269229589,87.80056425069533,6.748981770120696,0.13060781683007347,2.5081380743088952,6.198901513246559,6.260339197960806,0.13297223411401843,1.4072785730379844,0.5879834517248569,0.379266090963732,0.6215449891755511
CDW,4.105063901940374,67.89130669185812,5.635320471226304,0.1442017065249582,1.97677099372644,5.173598195922463,5.222391828278521,0.2702519760138997,1.7703855445848222,0.5509465454472159,0.31803781086562766,0.5539411916161382
CF,6.165652931672786,78.61419946113895,8.749706878236065,0.06872157369478891,0.9103779596528543,8.120432832892867,8.166775116583693,-0.2048880009294492,-1.62877486124188,0.5727640638044237,0.3942511069037251,0.6511018444066171
CFG,5.914152728005649,55.310402084510145,8.529392734759591,0.04193962149438869,0.37320801030445433,7.824831951087802,7.878487591011737,-0.07548305876060371,-0.35624972883386974,0.585702202344552,0.39616442717069955,0.6542706989389089
CHD,3.639445898052526,40.554482895622726,4.929670660741026,0.21280244479064256,2.4627352917578293,4.568437148595689,4.62691018706017,0.2226641259037487,1.7585086564972574,0.5469951964093793,0.35534006053416556,0.6150339593871507
CHRW,4.532187603677665,54.90746215770886,6.0727112007579755,0.07233478504059208,0.8385300994130772,5.720723621594532,5.731269680297259,0.025472631847157645,0.2179940969535932,0.5737655248609189,0.36112903269494556,0.6169033774681896
CHTR,4.63216393237248,70.56165327419407,6.45451735521433,0.050580147092481965,0.8158054139036993,5.965589958439789,6.018194253042962,-0.05355519630212255,-0.6469073448144916,0.5612331529002614,0.3496571479735592,0.591656850069298
CI,4.109905762903686,51.5801669481711,5.801588981516767,0.10946783209573593,1.6083504039482168,5.426935762833455,5.500219249791562,-0.014789033632917212,-0.1085140630371745,0.5414447617710204,0.33136058033173554,0.5964708417831284
CINF,4.248808345896303,63.07715194456362,5.947041949098335,0.3310914707973039,3.06569397726374,5.367333838975519,5.464670829541452,0.25044482420848246,1.2355406348669555,0.5433089163907228,0.30297256240375614,0.5148833306439986
CL,3.2079132534775425,53.570184883815024,4.344317448975711,0.11161785991186013,1.8051293854926682,4.078123337985256,4.12207417140009,0.0779904291945728,0.6051953231690158,0.5807530553508482,0.3857740320581594,0.6534144249638634
CLX,3.8456512022518208,63.45409552174111,5.275815536832006,0.00647912121557213,0.10597321289029037,4.924863473477725,4.9512844847392605,0.01637564488734697,0.18241961965518877,0.56586449126353,0.3496285729143058,0.6140315090942716
CMCSA,4.384496599319846,64.45715442824144,6.030926298957084,0.2221968978790432,2.227719232409013,5.474826947201036,5.557226718562299,0.2422862569451141,1.448802156293646,0.5776385544164321,0.3926068839193958,0.6543179427846266
CME,3.4905531747005183,38.61178718934173,5.052687079538361,0.042021376066768576,0.5660234999526946,4.674252497172508,4.722704796743414,0.026431961016483575,0.21941224716645558,0.5504019718152618,0.33920712628410155,0.5957758616339115
CMG,5.106432133473611,65.85972342463212,7.2637412660598155,0.29960296826126975,2.240334691757956,6.340556371625589,6.368409493806444,-0.12833575217085816,-0.7473738012111895,0.5732745468802392,0.2344288012789033,0.39004712154009613
CMI,4.192482827204765,77.89515567516115,5.789508312733522,0.13908986816067384,2.605733465429894,5.29653433541409,5.353140340160979,0.059840727964871394,0.6290083778429492,0.579320006210424,0.33395222460590646,0.5620217998838613
CMS,3.7342625815838364,37.59757731739633,5.23365418641016,0.0021485052345183615,0.025431366028811207,4.9885400392619,5.025804827654251,-0.12368244039383941,-0.75412225484161,0.5802016217604034,0.38065639645080507,0.6412795373320678
CNC,4.768245215978762,46.11825319647122,6.723426898699293,-0.0029747702774703777,-0.026323761508776442,6.262058708724417,6.3856440623106705,0.10065081661645721,0.5340978538433041,0.5636873566878269,0.3630222893164007,0.6394636003112366
CNP,4.789003735908724,31.121709647080934,6.616481304246898,-0.17771362145468522,-0.6707646001348323,6.0956455710872675,6.149479937361908,-0.2226657745879062,-0.7907335009515044,0.5670380416338052,0.35696785015606625,0.6285864206888785
COF,5.122117055033779,62.739089195364414,7.400572946647891,0.0803807499903074,0.8125964420369863,6.856426740035597,6.898725745628187,-0.11301709285777453,-0.7504871648531795,0.5632839687463677,0.3743137953098341,0.6385294132434657
COP,5.553304336889402,59.891697808068166,7.906424830689655,0.008859442853614202,0.10198118035814858,7.418681549911283,7.463752030312027,-0.16045555885422272,-0.8830871470352027,0.5754814361032184,0.3812904567037865,0.6568289651814575
COST,3.3496285349646446,71.92184766365006,4.56349783719185,0.2011147102915111,4.704795918711736,4.283578529134185,4.3449956013292415,0.1343127574144315,1.6999340327337755,0.57480625572888,0.35899722937214495,0.6056616649321318
CPRT,4.619380471478235,60.429633381865,6.261721729183313,0.09680275607850045,1.1418721035173214,5.835759904780518,5.912372862045623,0.019496700469239958,0.1319219631200605,0.5933315850268609,0.3701535366928983,0.612709643952088
CPT,4.1955011659060135,63.78665721636391,5.692507389759653,0.12041832321264538,1.4748097597699772,5.2782288184265065,5.30502523589397,-0.07036887464383534,-0.5183115284743552,0.5722234383944286,0.3260708449668007,0.5489814380049866
CRL,5.40612061551392,77.43650335041035,7.400126588262646,0.16573362652203677,2.2143248029182776,6.456566500467728,6.491860626326668,-0.0842232711339814,-0.8503079245762474,0.572299912554083,0.27333490892272627,0.46378071533160403
CRM,4.796402683961023,76.40426372938272,6.815207017516775,0.11084988087900999,2.0166101100216896,6.3837355086279315,6.417155098011262,0.08906757508161194,0.839000873281353,0.5806944814128068,0.39510699911980207,0.6613680502755455
CRWD,7.831855532664068,86.41227864512209,10.94232630934838,0.287728918559428,3.492949166770714,10.040464955848691,10.234275026669835,0.2958673355870751,2.2396483619006395,0.5738613198643384,0.38618850433688234,0.6498783423438649
CSCO,3.7194552463460955,51.66598940773884,5.28494750183871,0.10352848590661202,1.1359345047559792,4.907259302069304,4.945781984336406,0.04537181135333704,0.2425818663316713,0.5847443401551782,0.383682983723146,0.6462808494226289
CSGP,5.343917240603998,72.12116499487855,6.735708886420081,0.5804648438552564,6.645739170629232,6.181712905418822,6.216530616637978,0.37604260049063737,3.228282314744124,0.5530501560592752,0.29037460374842583,0.48533519759185384
CSX,4.53432215647297,56.06713293758078,6.179886983827753,0.1423516685570105,1.8691381971689047,5.639764804797045,5.721328285800485,0.14207249007567788,0.8402330256885688,0.5975264229674998,0.39744325149769477,0.650617398694584
CTAS,3.815468736320486,58.239057874568715,5.240863881039003,0.08866329013373281,1.2248546426577547,4.658573606219248,4.684774073073574,-0.06721135467220335,-0.6528061494994234,0.5476727217892214,0.25075469171891684,0.44706382525258204
CTSH,3.9300459535920056,64.51477535537218,5.561671625444163,0.03941370993397274,0.5399594548217086,5.245100671452166,5.286296757610945,-0.03332404787956349,-0.25337275971986517,0.572860394732529,0.38382692015600284,0.642158598365902
CTVA,4.8936229728630325,37.34670792153727,6.77172440576293,0.3643530762918122,2.408689371233381,6.375135105484838,6.509571855254922,0.4748203254395663,1.4603448702169148,0.5647696314298599,0.3603418938066415,0.6103868562537947
CVS,4.195833006555638,55.775609907259465,5.743385886557851,0.07860477993851514,1.0780283936983115,5.333485003053523,5.393914707162987,0.04630784610308192,0.283760698029331,0.5828501586426873,0.38621573776103624,0.6581675801635687
CVX,4.089688178034348,49.35125905081413,6.086857992498272,0.03243210274565242,0.43278128233898827,5.738534163297629,5.803625048904384,-0.17481315491360408,-1.0066540370359107,0.5614415656009542,0.36846959483782327,0.6407801365121478
D,4.196627405836301,54.34640971215511,5.582334288256906,0.1507395658209372,1.92275484322946,5.305758911739846,5.338587297011335,0.032928079935579155,0.22807606153984436,0.5875654591134389,0.3882502449375088,0.6575728232014134
DAL,6.143849234109504,51.31037871895833,9.04798513411733,0.17130192770293984,1.6629049515238206,8.38840449793853,8.459415590121754,-0.12671477957266897,-0.5847174956280253,0.5523704792130492,0.36988043542907423,0.6526662955534135
DD,4.418988885809622,65.7475885243614,6.2650665534486265,0.1381194923911647,1.6866112740445598,5.957229354799636,6.016458416287341,0.040503714502001326,0.25594551821466094,0.5759051086534945,0.38018805834824343,0.6417046591591897
DDOG,8.405827250609343,83.35875298927586,11.753883970091008,0.3155862234245022,4.059652799024009,10.789163138523165,10.963001724073854,0.4290490162669862,3.231951633139349,0.5715304710897716,0.3854868050046877,0.649990016546325
DE,4.228341595851435,75.67100853468848,6.001815003986652,0.13106693949268947,2.4416979453257137,5.546526525630218,5.6482789431928575,0.044675077515438935,0.5422413457133552,0.5702670615086856,0.3549386189646029,0.6031461725939642
DECK,6.327963479946798,61.99330597061186,8.461609647803275,0.18095654352264712,1.3047074123027307,7.449447297579088,7.505623884701013,-0.22446044843057508,-1.1419341730159895,0.5762877679458015,0.2791158895337109,0.4699328138846566
DELL,5.6914114828519455,60.92318903503336,7.782538510671952,0.24605652173697734,2.7622894799492883,7.33405186150943,7.391300714084729,0.19282500744598835,1.1890192927913437,0.5758541073222206,0.3912192536179402,0.6453056879209471
DG,4.082972246609964,57.966117306084456,5.788258319297677,0.04094048354111603,0.5783266490321192,5.508843256946248,5.561146835620817,-0.1344682303175927,-1.1370337598220226,0.5663596941656007,0.3720118929975811,0.6319772433184875
DGX,3.841260188809723,53.35503483820211,5.576059762947553,-0.09304390352933403,-1.1493628448368074,5.140950450404666,5.243593351402648,-0.22621439385123532,-1.3420483511078694,0.5563811184138217,0.34123001575391787,0.592534558748248
DHI,5.262314718651478,56.13303158519481,7.523397221063879,0.17713791247001415,1.7849653384058803,7.063743559691635,7.148863453749092,0.247657913487981,1.074998147061693,0.5534035474410676,0.3613069973438108,0.6269120041904419
DHR,3.904380550216211,64.51523750496033,5.479671753730585,0.11618654159441173,1.8627266095482073,5.0479973523885,5.153979119036921,0.08249291606971244,0.732282390839791,0.5686385010800383,0.36983812401629423,0.6189691099492494
DIS,4.313258346639203,58.83140001171977,6.038692888284517,0.2038827614648955,3.0569821422407886,5.645955545894802,5.6959095518493905,0.13139303972529198,0.9139912528156676,0.5803951815471019,0.3878836338316558,0.6517424864324814
DLR,4.618405898870985,86.46552168594522,6.208150593464406,0.2515595719599919,4.048607899441721,5.8832610572529696,5.927171063823701,0.3438058355474572,3.3855307602197917,0.5758260353620768,0.3795672435650279,0.6222006713655885
DLTR,4.625406242865153,43.63573794683579,6.591050620826592,-0.0759123000391981,-0.7508611567882579,6.261458794066879,6.268716003465967,-0.07006962972069615,-0.4258632955136027,0.5584222018558671,0.3699231220507694,0.6380193012468005
DOV,3.9804487207591372,67.67937110611226,5.398442997821201,0.1843265715745201,2.359295697957892,5.05010431919149,5.100941495766446,0.21084043082848297,1.8674056580655496,0.5542988745406233,0.3150413592667667,0.5515324658511932
DOW,4.754208373549837,61.94288016382483,6.788780024908322,0.0046948697650595495,0.063523640482742,6.316067781416003,6.347442728561333,-0.24123086932115004,-1.5470304986631833,0.5606992594498109,0.3785674420620686,0.6491824515884048
DRI,4.6660954781855555,31.853938488736066,6.948809614929455,-0.09908492162494806,-0.5833010584543766,6.543227316405215,6.5802028417642635,0.020426600562427066,0.06916730290248874,0.4814779298034375,0.27604760718583476,0.5882055363207326
DTE,3.5360329449149583,57.575119085454276,5.000859366772781,0.12284386182666565,1.8863751627312628,4.7864681961701585,4.8037340342522885,-0.046113994208416276,-0.3742833459115188,0.5597680725970977,0.3452210911052117,0.5821531325401568
DUK,3.718284003322432,22.71547928717716,4.870931549415605,0.08157458214289601,1.5431395673278892,4.650134429180562,4.688983310549778,-0.07131419092004077,-0.6667027758842713,0.5778697324348271,0.36457186600022484,0.6427790173863491
DVA,4.7937515301106846,40.050091844585026,6.527996770714092,0.013328924575953706,0.09437659311874336,6.059266866666438,6.11005414586364,0.017895918793140564,0.10124831046864696,0.569070851521941,0.3295466584852931,0.5761427706189179
DVN,7.452889652613308,54.60003402242484,11.014219146571623,0.05570581966506493,0.48925325477417814,10.197250036561579,10.257191125302594,-0.3296044835739189,-1.520887918445534,0.5679075317231983,0.38009630332387045,0.6481477602291539
DXCM,6.642824577361733,77.36069708348631,9.117598993798035,0.3070418528084306,2.545545537220056,8.332830384936393,8.441166295197705,0.3813823906298623,1.717402413143692,0.5710161377997279,0.35500075946632814,0.5937595755394244
EA,4.110782104389411,66.38161677795696,5.530494001362671,0.2085703812763331,4.159040850304462,5.138427444157728,5.202821937093393,0.2259145773444397,2.345691565458228,0.5597452009645216,0.35944372897784593,0.6244189858237867
EBAY,4.9498970022990125,43.47892828663514,6.850325217746686,-0.01694958799739081,-0.12915008225524643,6.502207459965675,6.544922099241397,-0.16364001996028033,-0.538007919165174,0.5979884363367639,0.41659052849610123,0.6765821378849621
ECL,3.7266357637603305,70.0135339725643,5.208146891689733,0.1331392655189458,2.4253523700473956,4.806082689622989,4.882179274275616,-0.029592640737592102,-0.3166712411023678,0.5564307658365051,0.33232097829804597,0.5740188325698052
ED,3.6864518569855056,53.09319473978943,5.068207325180751,0.020507410994371658,0.33473883942161187,4.817167723873045,4.851009401423783,0.06359115270231817,0.4648680514270341,0.58076760790719,0.36566408932411043,0.6264903938213431
EFX,4.398333082969481,75.16618989696971,6.065538383069796,0.15128758161136305,2.032325813628818,5.606484061861553,5.636554697651369,0.130689806992389,1.2748099991001332,0.5631670870450192,0.3218380208743563,0.5522227202523455
EIX,4.071035871947778,48.746147099233674,5.65218729729269,0.2015734092779991,2.0370541377519813,5.463070078201382,5.522941247207678,0.28539260187123017,1.5529627592857362,0.5642834153573794,0.3649832277433638,0.6132754763972672
EL,4.648267130826793,73.47940667107432,6.481523759761262,0.02481861945796097,0.45186643694640466,6.024912343895728,6.110336612925756,0.045510359027254026,0.49337995743089563,0.5674420422111368,0.3650396455700239,0.6251710007121809
EMN,5.005484335939773,21.05792365595543,6.517947557889878,0.28410611868654423,2.9726865670344362,5.963446725428941,6.033224334432493,-0.012089505420850882,-0.05977659967766731,0.5605342299217803,0.3312922650070519,0.5759199034668239
EMR,3.915711259547587,49.20820602264647,5.606342541799599,0.08122524983788608,1.1065073091727484,5.286083482846754,5.331312646369619,0.005101457329489703,0.030880729000615854,0.5606757728479284,0.3648735840948947,0.6305019595092488
ENPH,9.966462476961448,77.86699269826248,14.043878065483904,0.11227085547954099,0.9109446621572863,13.030338600934934,13.185593058685976,-0.05351807091770511,-0.23539834554930544,0.5807000233192677,0.395584666227524,0.6556864880238547
EOG,6.022338148935965,53.691482332431775,8.512696628746614,0.23323544451381345,2.066378879756556,7.91831202604136,8.038444470924974,0.2662263195627582,1.171193285375483,0.5619121850348203,0.37211320403183856,0.6396952405866556
EPAM,5.818268052114549,30.27592654080915,8.441683155631,-0.06744601448094698,-0.35987420299780554,7.583676946427222,7.619747200500303,-0.4743425848909279,-1.2243630624013042,0.5364747165511492,0.2535717798710564,0.4682105773248818
EQIX,4.261874409692919,73.63595746138297,5.902836740615207,0.32407108896202613,3.7951197637892347,5.03548967246765,5.093660721143685,0.052431343032130026,0.4435996670960836,0.5505499990391607,0.24019669397524135,0.42410816122856887
EQR,4.325921370371727,62.76918618767883,5.854232277996001,0.0825435582764563,1.3161159182256181,5.577658366179376,5.65138727330801,-0.004002150985550068,-0.034732444536116666,0.5767619124041294,0.37573225175137936,0.630656058473525
EQT,9.205379339988877,42.358381897640584,12.676303382285385,0.1948601209281499,1.4302615037001511,11.949460544851915,12.013464047863105,-0.22118278151181667,-0.7886842772714784,0.5642083898513167,0.3622540495149239,0.6327089278304531
ERIE,6.064755598181083,55.23269742253196,8.012724621016098,0.40468246767742283,1.8063215193728175,6.046545400840978,6.061466124511465,-0.45053551059016844,-3.24332371953174,0.5340916398431547,0.07937008381605237,0.15488297654500638
ES,4.19118367990545,54.51707261535012,5.652199370882039,0.17844201838749485,2.5890281529257333,5.334645179138188,5.380690545223691,0.06245972869385996,0.5234645338686916,0.5862213907156903,0.3873211523487279,0.6345834493980776
ESS,4.222589172207502,74.49203256816268,5.748471598225308,0.105212272983255,1.3203858967347915,5.033969162761113,5.051822661456324,-0.2183426522542046,-2.3405002990490607,0.5632581336129211,0.24599192469459008,0.42111205772947824
ETN,3.971138005336689,56.99606406153432,5.862989302839965,-0.00561057262735186,-0.07201399589201286,5.503175181472227,5.587815108237977,-0.050545948766508114,-0.4356770296682704,0.5683846968033854,0.3692558849844382,0.617075252654792
ETR,4.093879019441302,53.88054857522572,5.619046786200666,-0.03789626521320957,-0.5187516348877534,5.330688898445499,5.357401373620328,-0.2300298823530902,-1.9299770963514824,0.5783507799194829,0.3605837944016481,0.6093987649272279
EW,4.743833735066614,75.21666727302421,6.58742161746018,0.24823035881424355,3.426970951480271,6.087294108773108,6.161653214288705,0.46784611665416226,4.180548768356413,0.570444233483459,0.3762851808052462,0.6245085410634765
EXC,4.344254108832103,52.43007293934155,6.059151740135061,0.13185227746068426,0.9509924741171641,5.776884648957254,5.7817729683265355,0.11249332957195529,0.32224422250848145,0.5774047454060991,0.396253766888207,0.6529003441685908
EXPE,5.887644465208755,39.78420664492324,8.846867237687967,-0.1192218124627418,-0.754364361006396,8.34152171830349,8.37270160396048,-0.27700251867449377,-1.1063114893384702,0.556116704877443,0.374056023006487,0.6393319774084756
EXR,4.595041799115002,84.7919917788853,5.975133546292406,0.30267642001536266,3.289013516619418,5.621525713073652,5.6516274138829585,0.1423166425539383,1.2829579611815476,0.5789663323401925,0.33162960016745124,0.5530050184813649
F,7.1096895392340045,76.21792000187926,10.732717158114362,-0.018980731787875675,-0.17803633804512692,8.499254699434838,8.643254141731592,-0.6399671197391528,-3.477557159026614,0.6439600089903963,0.41786774010578,0.630952667470863
FANG,7.246107610674487,18.212898452780934,10.053136792300943,0.27565126677223967,1.5877520900973634,9.413904606698983,9.482675060066226,-0.02756612341308312,-0.12572086562514126,0.5372123842390868,0.3377141539387981,0.6154999592274559
FAST,4.775221510502359,61.75340623114856,6.337837912992702,0.15963599191982084,1.9369867531976004,5.896858829739663,6.003215656553479,0.30098685499521827,1.957660471932967,0.6026032149874866,0.39763152909530186,0.6484011590209209
FCX,6.968673042978764,78.44023592939784,9.760525035544399,0.27226345515529504,3.158649775433767,8.8963647988415,8.987205008787736,0.32313905002731547,1.8684247311060644,0.5896325140665366,0.4070541831296146,0.6673899402074859
FDS,4.230631065014849,68.77875496866021,5.786776439806494,0.3210341760142135,3.7955429297798275,4.975796245267103,5.0038062673955634,-0.048608192768320055,-0.4452532695752756,0.550858909033596,0.20733392264489425,0.35979027691214327
FDX,4.428936944791575,58.65743060377269,6.165879335905915,0.19148773016530884,2.9471640048223513,5.769663678144428,5.860974823597264,0.03675659915484311,0.3333139336541077,0.5634860225510059,0.35562696500658353,0.6124568493154462
FE,4.018492359722334,28.71764179531318,5.913797697529933,-0.08856178657780403,-0.6981342736089452,5.594704669704866,5.646114701920452,-0.34960330840553916,-1.1608488044270544,0.5632559741030453,0.3738980241085519,0.638562739684647
FFIV,4.343539124645344,63.916818751818944,5.864093918937478,0.19054978105376277,2.4633248046640874,5.343167098969364,5.420048360559253,0.19223057121492737,1.6739046538110403,0.555253763149447,0.29081006342434557,0.5040924954790709
FICO,5.53586374286134,50.87108642430723,7.643780031587081,0.0005107386684711026,0.002069383012496613,6.545047412926479,6.574020488727094,-0.49459861286419415,-2.5512910362237027,0.5443810753288648,0.17502840891228377,0.3263505641886979
FIS,4.543082979690617,70.1112730162355,6.217673089558726,0.23345963294238922,3.51130384838418,5.936891905301899,6.003101165250448,0.26493751761474515,2.2897875854312764,0.5663124710782972,0.3794786641309025,0.6387699346198255
FITB,5.653491560815051,45.623193828633916,8.137632517556462,0.09817924595053965,0.761180171337615,7.529104320352209,7.560406920883719,-0.07833426495066495,-0.3402707115550472,0.5731955860771861,0.38423916407321723,0.6440787856618049
FOX,5.021825518692041,78.74921451386287,6.999909163424825,0.09475056800985279,1.274537777547299,6.4874800095255285,6.553618132959589,0.017360110942194806,0.13246662975632587,0.5807619015254032,0.3783301575681678,0.6181865192232663
FOXA,5.1885071877488205,65.5419212818937,7.329457977693765,-0.004715196657060074,-0.0686025687438224,6.77650223274105,6.845863246824881,-0.10003329927148202,-0.7605163407217372,0.5779853303396855,0.39885293411746614,0.6613144357698504
FSLR,7.5439935231215625,87.49859885395601,10.496165683593118,0.20757477633566418,2.484880609678374,9.738422632673826,9.923132019234101,0.18466835303890267,1.3005636965212382,0.5786060001892366,0.38846541600059514,0.6360297960881861
FTNT,6.193185555149248,69.2920967973437,8.281155299886692,0.254287290853632,3.61784893214471,7.709440396225808,7.778755234960282,0.43591701344096595,3.123163830708357,0.5800609084435944,0.37861576955483056,0.6311952743036129
FTV,4.237186730841504,30.938084283801196,5.737350346975845,-0.037769676599489016,-0.394351148599846,5.4634799700619245,5.493250874937514,-0.05900341022383332,-0.3535959063958587,0.5687143832268684,0.36184232545065875,0.6253051021473623
GD,3.469965437062128,70.65406144991843,4.814045669815709,0.0941439908281043,1.7040479210695318,4.481374357358529,4.5245029734599775,-0.008663098311149198,-0.09186345193698911,0.563700448143251,0.33465170392994614,0.58701843649894
GDDY,4.85623089239221,50.75221042312413,6.716842325104181,0.13339601922120076,1.5569954709460239,6.230873065352442,6.323468114071353,0.22563956174691605,1.6415533786043215,0.5589413973263185,0.34592264616405477,0.5995068049902282
GILD,3.856536963882642,50.4301937341994,5.295061556337314,0.3596113553399618,2.767097427996116,5.0582050510732905,5.101322946807531,0.3966104002690008,2.199728960079301,0.5589504820150977,0.3707059580136568,0.6311387376124806
GIS,3.7357372062900502,57.960497964717405,4.9884777566317275,0.2819439571880597,3.9770006631667107,4.666741153311856,4.6922991715649705,0.48892422863924523,3.0303198719411553,0.5751335902879037,0.39048185460144913,0.6474712651059062
GL,3.6184431588348622,13.05691241642119,5.762461396131325,-0.4821963837907672,-0.819745202166322,5.388996530788962,5.421850650926378,-0.910980076927522,-0.9668337832722829,0.4998579878492186,0.2544859850817762,0.5016791294228427
GLW,4.720755504458035,68.59942657830045,6.4201101411987365,0.22642777751870433,2.7252063486783267,6.016722905384933,6.090215269226972,0.23408677967600783,1.309550006813654,0.5985833163995578,0.40155912179891795,0.6562176439667189
GM,5.850887841329213,50.678565301167026,8.207933424276945,0.024287197536818583,0.2188349959140608,7.626861523085139,7.6780369277702105,-0.18687947833392943,-1.0490121700845678,0.5851701886451229,0.39709614014325045,0.6689209857089986
GNRC,7.140936939574249,83.53557198615816,9.807071679519291,0.23477148493303754,2.912369831597822,9.073111038450884,9.149799344787535,0.030822059311623913,0.2146320740564416,0.5843211069769657,0.35388708658521617,0.5843812481111428
GOOG,4.2958560482467485,78.37618756863729,5.899636804250048,0.10779568744310962,2.3967352827587582,5.468768998535319,5.550376171384325,-0.0009681213599877572,-0.012334798605194717,0.6004111550226762,0.38554281722307937,0.6323155272262506
GOOGL,4.407539005820556,81.04376304783239,6.00380744684064,0.13835961331983093,2.941033737819557,5.5583402815034395,5.659385519001956,0.03253539611181698,0.4063939317529596,0.600618951085475,0.3855401107452252,0.6330845180364006
GPC,4.056686032036012,66.43624443147466,5.563009744259325,0.14898827663195569,2.0982289649274284,5.144280771953755,5.18658700769183,0.1623193650793514,1.4882006700705863,0.5669392022580586,0.3239861134198869,0.5635885835325576
GPN,4.642340583161623,38.106888583147196,6.699630330179843,-0.15971121067785718,-1.808571511899738,6.288121596175791,6.345632740600322,-0.1896531495577523,-0.9471228547733074,0.5592909152032356,0.35367601342859933,0.6349536100958534
GS,4.030480972224585,62.076510151369284,5.851574011675954,0.077653632192031,1.263826797765412,5.497642965479038,5.5215464042136615,-0.09323555052435026,-0.8095773112150249,0.580699792790334,0.37670209007946676,0.6295303587848415
GWW,4.2764525689446105,69.964932997885,5.5677523933539055,0.3637225344763906,4.525589703055191,4.872795205050764,4.908397891632575,0.1857456589410323,1.7908038750689053,0.5619587050042543,0.20764198748666396,0.36229972717505
HAL,7.797380895484754,21.801754211413662,10.532634229646831,0.3199654578764014,1.863806448183674,9.705221946582242,9.78825419675486,-0.18115771596728997,-0.6747895980109396,0.5725760184691531,0.3643248932454537,0.6303941612197735
HAS,5.081805680313042,63.7908402800097,6.834428011130686,0.1261343142811866,1.5239625902616705,6.468919408348332,6.550260075516333,0.03947412383681767,0.25598621148696793,0.5669473004882709,0.36219206148417105,0.6151907324380512
HBAN,6.7516944592857655,75.54899488949086,9.717759747036883,-0.09952718863259298,-0.830918482097371,8.120600003230974,8.145136659961118,-0.5111638626245748,-2.1913404060825266,0.6274851831741197,0.41962259183415174,0.6437672343633086
HCA,4.331183148003179,36.13307597849627,6.50324221554451,-0.032749129711850254,-0.3319028780714042,6.0499993558689145,6.1035448812723105,-0.186598289944507,-1.1589095591101526,0.5343011553276762,0.32663921473015567,0.5972480979318788
HD,3.5510378530650994,46.96537953156778,5.249890392328679,0.0542797226000408,0.7791996082042226,4.919270167161973,4.9784958170012,-0.12885882846366906,-0.9675835553908904,0.5570935664006974,0.36441688589410115,0.6297185189138975
HIG,3.866554770443238,12.585336220217483,6.049978519555517,-0.2329147840885828,-0.6032267373469186,5.713298645581239,5.757814504230435,-0.4423515945898602,-0.7062526134800757,0.5205863380131649,0.32874112026506574,0.6141937904771977
HII,4.547602577582774,60.27372278023791,6.011991637970651,0.20387624036286445,2.3562324612086525,5.342713638277274,5.37961219461235,0.08309044076384843,0.7913433636400993,0.5528407934274074,0.23874560955689927,0.4216611746532479
HLT,4.337084339636502,44.09750506138108,6.560707950106698,-0.07328785072784655,-0.5404364580331232,6.1634166840470845,6.201685364684525,-0.3907406029002152,-1.819110812423657,0.5237842614751799,0.33493496991593474,0.6152218888997927
HOLX,4.232202984933353,58.649919177273944,5.926608098498233,0.1318849392800265,1.7718316934669596,5.574043532897491,5.631117373077081,0.026444531141002953,0.18165394202671914,0.5509997835349713,0.3681125146291879,0.627418264774625
HPE,6.335895935843448,66.33605918484572,9.06071910439248,-0.17016736348473224,-1.4643124653837702,7.7382517896355285,7.79729025548358,-0.4320071731478697,-2.0897841117394473,0.6413041127378218,0.4215841694753354,0.6507673896792883
HPQ,5.4903995667560075,51.521166695507894,7.541943675740039,-0.06398199261987084,-0.6589430304134394,6.959676556992636,7.011206837708704,-0.06896126012728507,-0.4550388801655257,0.6053483499399295,0.3993565209667348,0.6588658332846979
HRL,3.959477484179654,57.92056814380813,5.268369280429241,0.04174646472937089,0.491585755508039,4.869703948175499,4.931374930053575,-0.030180542365771335,-0.19828537211322622,0.6001327378344443,0.3902932247771448,0.6489398157064049
HSIC,4.373853560500674,54.431613632709016,6.152338395194438,-0.015736877398420734,-0.16007012847132612,5.744577036436561,5.812972704221739,-0.04346793509511418,-0.3089546219644512,0.54863316958237,0.3374905754422085,0.5931184354627403
HSY,3.499028726531337,25.361759113170955,4.777176163832477,0.16347729623734364,2.2919762670256616,4.455470769757421,4.4882482436307285,0.3598499398893871,2.9576058948637955,0.5520784155415356,0.31267667059579884,0.5586574729625007
HUBB,4.486295605103079,74.85153563716962,6.033925003031378,0.3626893399365241,4.4375467270792095,5.291401465569304,5.33376873427309,0.10231546141233147,0.8490113471817847,0.5706727567778136,0.2407676254645752,0.4049793602180961
HUM,4.539420515464731,61.366298032211866,6.1912169513370285,0.20994155997842773,2.9740186434783324,5.7007773351671,5.796854742538224,0.21891945495871679,2.0344651836413705,0.5331205934960042,0.3021866647921576,0.5524980118789815
IBM,3.3749538970301916,53.27989767552679,4.75307233521559,0.059938558648683894,1.0717623321763705,4.490220699162837,4.5303752595845905,-0.026091944706699625,-0.2428919284860929,0.5717095848911847,0.376743151596165,0.6523486314436371
ICE,3.5406989106465083,37.49047011137429,4.8069837710885395,0.30639004831942285,3.137949490644624,4.520357081439854,4.590146089530008,0.541797136162101,2.165660621797594,0.5537010359054966,0.33718550372706424,0.5895742140773184
IDXX,5.08241519693937,71.19520226454316,6.835858685494931,0.311163819525341,4.334899362429537,6.036323192200497,6.146628030569096,0.03724384061359478,0.36280829488562183,0.5534850314689884,0.26969057650947637,0.4621962635834317
IEX,3.7032178881808906,73.63847166517442,5.1341159138942505,0.21472970362302565,3.134815480599313,4.472477144241221,4.552801464891589,-0.009445359432168014,-0.10187003349251561,0.5494456916372152,0.2444239032438299,0.4255917060434391
IFF,4.7326709165654615,44.266423090652474,6.30367089760046,0.09800374435717928,1.297895869761037,5.909762112661465,5.985718179385284,0.09789201668685371,0.7810943598820872,0.5691145608815862,0.34860263328369034,0.605827435324703
INCY,5.034812273248346,69.83851563423705,6.629734146070566,0.22599527555999743,3.344056014166317,6.189948012364661,6.314476446744156,0.3507308138084996,2.5763440838996465,0.5677052987595113,0.36536739917424044,0.6144689871608782
INTC,5.47637049298513,47.59287945359686,7.691704926224815,0.07728778869450587,0.8053164143714666,7.1400127650947045,7.18435619764857,0.012005581059893092,0.06168383738580735,0.600753956393984,0.404206696234213,0.6609708085666935
INTU,4.783603833951846,73.97436258511108,6.5887566813641065,0.14043472922820605,2.100852496070499,6.072346187733468,6.1478416353464755,0.13736245500499586,1.1787320417313834,0.5769289849224107,0.3499553510334724,0.5943735137199977
INVH,4.816149798361476,23.69989328553378,6.383717501197398,-0.044124713264993065,-0.2864094268921075,6.027079923324726,6.082069647819709,0.0024420081640563612,0.01197118565409816,0.5875652670549282,0.3540037440280279,0.6123017908172497
IP,4.7966812770120475,52.96405831513963,6.6856057456652405,0.1761512756927455,1.7708612316188985,6.264552554125517,6.326845944687533,0.19608662459231063,0.935637076207631,0.576041490226992,0.3808014765394825,0.6353226514999296
IPG,5.235453179752012,56.32769652600386,7.330777025963968,0.030423377796245512,0.4024654395936206,6.774190848986052,6.825754054900991,-0.10460462969747641,-0.71496801623163,0.5883269066735413,0.39860491449356583,0.6509965582677737
IQV,4.587419833426995,61.157367060585784,6.3750215444389315,0.10584359371410604,1.141370450838962,5.821987176021232,5.901314254438363,0.06685748058306284,0.49482135506951347,0.555968829656122,0.3254055531799468,0.5725456858749447
IRM,4.782185898040093,49.12642605914369,6.463444062664692,0.20585361798259397,2.467509003527849,6.0857264074004,6.1912396615156196,0.18199276710113188,1.136618533060019,0.5655640628080861,0.3656110734239333,0.6172621061441217
ISRG,4.417341146956991,72.87202690888205,6.2747575619626925,0.12652671032626672,2.1178393614408195,5.758449276080865,5.816339209816645,-0.018545659372784004,-0.19185736714575283,0.5661147213782854,0.33386352322150104,0.5634072140241193
IT,4.301495175668375,70.81175481598244,6.014757455135843,0.10235627546481715,1.2962725373994322,5.390603408258364,5.4459481421892955,-0.25501268358877044,-2.42509018791936,0.5541022771222928,0.26729241378853785,0.463588261709335
ITW,3.5469569061117325,63.0803406078921,4.972646310723253,0.0960937622926966,1.46802450192053,4.609640662147762,4.6591018901793255,-0.03372745861247575,-0.31836977692024193,0.559590741960525,0.3261107188245006,0.5691071752753392
IVZ,6.899148769882241,62.99061167648378,9.775488615478377,-0.08181722534143063,-0.6499304901591282,8.772247782533572,8.833078250831718,-0.29276071885245625,-1.274680925731142,0.615085695211049,0.4077302849133341,0.6518592393735825
JBHT,4.817876214528287,79.52223260595989,6.368691441673093,0.3104707519609016,5.095516489318012,5.876822220762613,5.963745484302765,0.25079074015352765,2.681666243801577,0.5833795150261487,0.3323488515170445,0.5475810848170177
JBL,5.513641843855361,16.152131783556232,7.173421400589678,0.12840551502552477,1.2115064493546566,6.780795685822882,6.821410150406026,0.4357105256006633,1.1274610880470646,0.5704055523887208,0.31742511365990567,0.5712872035487719
JCI,4.558473092997905,72.33520312994186,6.101163241657476,0.19209657777616038,2.8431108188471925,5.809394163176324,5.835477206297731,0.22702573078146338,2.0617811037787055,0.5844154153154992,0.39457094613239285,0.6582506066718234
JKHY,3.8334991317732134,73.14897834942256,5.416909189415406,0.1410768470685989,2.3371418336612795,4.8367470828865144,4.903000020861325,0.01179368397293749,0.11442911787099315,0.5506233000342112,0.28339571894694127,0.48670810350551463
JNJ,2.894752181262151,48.09500554317278,4.066750701068818,0.07712232592997607,1.4853867932657714,3.8496352225246495,3.873393957282591,-0.026017645868282827,-0.20511027824668507,0.5588563269732437,0.3577082556053294,0.6389632251652954
JPM,3.8742657283447777,40.04752576364032,5.500206655148015,0.1164947278202592,1.5408316837560154,5.098306444687577,5.155376606975594,-0.006148436974652744,-0.042031573426912126,0.5674981135584761,0.3677214370007872,0.6446726805505831
K,3.6700243449233763,54.22958551352033,4.950515564790637,0.1350258980238419,2.073807930717548,4.643991293736456,4.6905170699873455,0.10662737772383835,0.8888322412344112,0.5730928671257338,0.3690841987963328,0.6276730138140807
KEY,6.839287294429396,47.45108088515016,10.013809808663616,-0.1872902239948748,-0.8191555206306737,8.794419363982756,8.846618191292567,-0.15448118385956786,-0.4022997759833288,0.6016701947597518,0.38768148516309,0.6455984311863956
KEYS,4.332897913492612,81.61871072965035,5.780114200762994,0.38380512638695835,5.731335004099378,5.327116317479187,5.415280416232605,0.3469498275714324,3.096471918559997,0.5726219852859586,0.34974805404504605,0.5803083227138601
KHC,4.395929092459566,53.94743377362664,5.866612190846818,0.15719628516666137,2.1962942964665086,5.338884183305582,5.40024463726853,0.16642753702654584,1.252753929019453,0.5887182210395484,0.3850491487675528,0.6445414779112746
KIM,5.613908849567793,15.04799313657188,8.565220075337997,-0.2820344550579268,-0.9422090985228316,7.766909189556734,7.806956898918786,-0.4732030625405087,-1.3952422911317814,0.5833678947292001,0.40593145027686905,0.6278658764157004
KKR,5.145410334389975,36.20553895290625,7.3437052937954,-0.07410930248736305,-0.602215293564253,6.985037715277894,7.013687973389793,-0.24625379328385352,-0.9780504712520665,0.5713178012526985,0.3861760551288135,0.646408362144207
KLAC,5.819523515949951,86.23384960316388,7.825469356608835,0.18564012591133933,2.490279224186179,7.136041477768884,7.219852493991659,-0.013212750793494044,-0.11509499900331886,0.5924434811655518,0.34574573619758153,0.5733938238345333
KMB,3.2508221708204967,62.513403631463916,4.476482386679676,0.2251705874499287,2.295500031557174,4.223069999254002,4.269022654139459,0.22845152712011263,1.7465882361210499,0.5626183961631586,0.34905620592123543,0.6003367885369171
KMI,5.3050421456290255,58.640084178309564,7.729827501927425,0.02750012987189813,0.2823158209047259,6.547438277246754,6.6335487864122,-0.10898377241306574,-0.5608863804692995,0.6240890870727241,0.3918456438820973,0.6211508453891457
KMX,5.844217120900762,54.30136339698017,8.253650296350905,0.15440702497198777,1.4342454136289633,7.6997461753684435,7.831802137172104,-0.03263924962481474,-0.17528338216419412,0.5667397820472481,0.3638995379213389,0.6187599824390573
KO,3.0673199971845695,41.022817276693665,4.329534111656512,0.14707391428890446,1.8462852418694595,4.044061605448497,4.080922968432658,0.15200958280945037,0.9864828930195813,0.5731265284856115,0.3809503107539295,0.6427893148732047
KR,4.3966222353364905,38.21774242430726,6.1471471315281,0.01378896995014392,0.1972661387508119,5.671672790845353,5.722302126600794,0.0373459452509497,0.2745861220325903,0.5713161013183424,0.3948799461946826,0.670864211355507
L,3.89155563205395,53.500237083312,5.425573196409475,0.23043467285147293,2.1162423886601003,5.038888168293122,5.1234188894954125,0.2254811655684062,1.346503400062295,0.5472944462081939,0.3130003938154171,0.5565658202245918
LDOS,3.9922564221737113,47.372678419967855,5.596653508227577,0.1245329124082074,1.5737364168719852,5.1472849892903705,5.233318046090236,0.07653287601285763,0.6507774216692056,0.5609005547342104,0.3181234248584185,0.5606642811204302
LEN,5.415621688554045,49.29509929603702,7.845039114556588,0.2859322385192004,2.8293350928421783,7.359114582181369,7.480316644087388,0.338897392327026,1.6049805594243858,0.5483292202984172,0.360817743162978,0.6176222452407143
LHX,3.8001012639466545,58.03366252981464,5.318012304820722,0.09940171257050483,1.4799200609924572,4.946328271960652,4.986033785906624,0.03622749745528994,0.32987977795911266,0.5549890644934123,0.33156709791921235,0.5712084410209319
LII,5.099069098634854,81.21435752745083,6.779544667031695,0.30590695591435996,3.863760844427159,5.911713702385876,5.937156230431673,-0.03433161756036253,-0.37836824145176273,0.5728032829236921,0.24160313266220257,0.40332656861514926
LKQ,4.660684453944562,29.911670835402838,6.675220977053547,-0.04026029336684892,-0.2231577059208914,6.251442012091635,6.326077874471822,0.2354097551209538,1.6464903849294081,0.5387414948616632,0.34921768060254343,0.6222428195500778
LLY,4.178516315409811,66.98545239625687,5.820576439295516,0.27787518802356925,4.015868031243691,5.5057875827973675,5.560730166065234,0.23797174741094573,1.744360729205076,0.5487644567551188,0.3600975531884414,0.6126917310758789
LMT,3.2930040991999388,60.23436454395582,4.69597338326588,0.17344073851169062,3.106236668054191,4.350300033776659,4.414605467232329,0.11126681677254333,1.2626068635173013,0.5419731430326111,0.311769901529688,0.5560192939919779
LNT,3.981714559800372,62.83732833988183,5.318421218624003,0.1824951649246657,2.485411586166819,5.027624698775464,5.057768895461526,0.06466890478589693,0.45341566601565153,0.5889291106574873,0.38231493463918875,0.6222395825940666
LOW,4.224713315212111,38.62163332254603,5.894201887768638,0.3369545510952733,1.928880814872777,5.423674153339219,5.517193900953456,0.37201194804363386,1.5351065444457699,0.5528752236881853,0.3519583774733033,0.6132119268392682
LULU,5.254033894962506,77.72793177746092,7.299817551599118,0.11805894864906268,1.7918895236042878,6.844839870606767,6.924770815286279,0.033902127499844656,0.2873027598516596,0.5805984608676045,0.3694887532005602,0.6143604681038571
LUV,6.039000453185334,56.986177747705185,8.630183431672588,0.14883243383039452,1.2519064145747916,8.039248349114741,8.131393335335906,-0.05064810727148589,-0.21688400146001763,0.5822039774720031,0.39952861369957093,0.6620599543894041
LVS,5.983274084875088,45.25571156013079,8.511303934781132,0.091459237444732,0.9829644698379681,7.974246241033317,7.996041555698955,-0.24663490236218377,-1.3373620352284936,0.5657918059497598,0.3810571284938331,0.6581370228981599
LW,4.8166722902050925,60.284423153255986,6.744678254481174,0.2325127425433989,2.428380406564599,6.469230833174196,6.504538481669627,0.34613554132994995,1.8639145241342863,0.547997390764924,0.3488617120681271,0.5987145951314685
LYB,4.601621786445521,50.210011526389486,6.769203423870888,0.05043263579386359,0.5371440802987764,6.218841249863705,6.302544087440779,-0.11564695100345068,-0.7034913236863127,0.5542232499595197,0.357308551283124,0.620678910447608
LYV,5.7966221753170295,27.92301824400394,8.578141074156369,-0.03343072701674062,-0.1917433798883381,8.378814772022045,8.34541083586544,-0.1348944839065164,-0.38092040087349704,0.5206691194830364,0.3262945203253904,0.6069866114047191
MA,3.7725731965041547,65.65362780278406,5.379842505904525,0.07758294429846249,1.6092229239333666,5.104084453132728,5.150853537313388,0.031052504061779354,0.3070854785301561,0.5454626870427854,0.35434594555956267,0.6225147261191618
MAA,4.060888096085748,75.09940336909425,5.51073943237333,0.23285685273045,3.113340140794385,4.99205624424442,5.061009842495091,0.005467051538566026,0.052867549947389444,0.567210032710322,0.2990511450335487,0.5006650159903909
MAR,4.2606624136149565,15.045155943945462,6.961403176716116,0.022628193336284092,0.110813591995339,6.536762011019423,6.576898010205517,-0.6717229604542466,-1.0552080251646363,0.504203931177944,0.32464508716973284,0.595475112839768
MAS,4.657110655724958,71.54960652956132,6.233637278891448,0.29988289227841874,4.025325760374068,5.856223264708507,5.939548044012956,0.30774891830347234,2.351533183750058,0.578588605738797,0.3916380413988363,0.6379319262253964
MCD,2.981923178900989,35.35211812852423,4.240206746817737,0.09703124628305902,1.2429171302554347,4.0013594705265785,4.036104923397136,-0.030594548876107044,-0.2085812287004015,0.5290541364168415,0.3343730116959831,0.6177667808647527
MCHP,5.770816896109144,85.43982608998897,8.002716792951805,0.051256012626755956,0.654962821717759,7.641518232584658,7.700574784287626,-0.00953372716507031,-0.06050677637239108,0.6031315336423827,0.41397415785600644,0.6654043946364558
MCK,3.8614441820131167,63.717943232952855,5.623200753811832,0.1692684261934371,1.601511602229303,5.111965721180267,5.20845974519485,0.03031828359304052,0.16167162569139765,0.5412562438015592,0.3154667569099009,0.5534904768900952
MCO,3.8453482597171846,62.5398865114653,5.4247075277939185,0.21590431108451977,2.4832587106548005,4.863238920880138,4.9249010771908965,0.115846735489123,0.9159167143416159,0.5436991751882319,0.2947286766976588,0.5282528766966363
MDLZ,3.35432382968546,53.04898286855147,4.690590935694757,0.16103522532171657,1.8099354421817546,4.365520284217388,4.411315228758779,0.2008264615242637,1.3282532130099165,0.5773218734329966,0.3815717780994333,0.6390972924271102
MDT,3.6751809709076566,68.33074172521265,5.118213757330785,0.13054917320600137,2.132290287260988,4.7821150246740896,4.827546808317039,0.2484889637189815,1.7972625498951995,0.5764842680004766,0.3798561422534288,0.6445298934499448
MET,4.268630226086181,63.24026529430249,6.242135620524779,0.037347929698197654,0.5929838698404757,5.806812972357239,5.85422572347759,-0.23208687440267722,-1.763343925932012,0.5810255614525576,0.39004459073866127,0.6533724798299921
MGM,6.570113364390363,41.42836186722883,9.681085671036811,0.08171315403836948,0.6098958297565622,9.159978796371886,9.177575035737298,0.2581361833066796,0.9965630562247628,0.5417768653842858,0.3497962588570185,0.632296066220093
MHK,5.810098626792714,69.61069966693263,8.155879634996927,0.08666504553866523,0.8978811888911562,7.491749928589037,7.546054019008973,-0.12409911818897976,-0.8533804233294593,0.5614864591985684,0.31979596501399454,0.5466488164703465
MKC,3.9082520869554664,67.55229210454875,5.305470326853159,0.24954590960244688,4.10572021733391,4.9188589533378,4.982782482363367,0.1231620916914454,1.1037022202761646,0.5715531047693106,0.35593956359265244,0.5934292473481224
MKTX,5.640281885625212,75.07395254497509,7.455530315862115,0.5530838697650617,4.732419487969399,6.427093188572454,6.4849208442140815,0.1768052291251782,1.2550829619008674,0.5493372852456052,0.23045579338799926,0.3918014329849674
MLM,4.742329280459927,54.00581433357618,6.650590026006083,-0.00662668216215621,-0.06073186235214107,5.831168154170352,5.892614340141042,-0.2272477103966726,-1.6897805350614505,0.56079536689791,0.25689144521809637,0.4633973863372046
MMC,3.223653881304586,57.49663725531463,4.542738358265652,0.12347172522311191,1.7949897112751874,4.271062180878893,4.329316337190748,0.07456491303616711,0.5520066985145293,0.5542363873151295,0.33503621976460796,0.5939748891510888
MMM,3.8592655403336806,59.50074713437352,5.282248767552318,0.09121385575467732,1.7434719514123624,4.997613509991805,5.051517625989332,-0.060522396766244636,-0.6197717883189969,0.5835085791735515,0.3871862022035172,0.6468370407273054
MO,3.5975272843398183,38.411765540075194,5.108655003402505,-0.020604264812860682,-0.21277884078941217,4.759828491214471,4.8191041739959255,0.009322451351743158,0.051885665319772255,0.5465785470649203,0.36292816002763084,0.6430945157096705
MOH,5.073534315822171,50.00389158358829,7.1130688115390015,0.1598295760894359,1.0399251426821083,6.210148525444473,6.249991257063953,-0.008693840486062053,-0.05279825047315342,0.5480288207872891,0.254099785587075,0.4472821437104446
MOS,7.373533004673085,65.60776958310277,10.379711288859863,0.26550911077363465,2.7950494202402063,9.460701674331807,9.59561938566793,0.43176035273494706,2.2573784189340476,0.5784884721251846,0.39392209500358866,0.6552759247485325
MPC,6.016913119632912,50.473119427056496,8.828130304458146,0.2720238302920015,1.792275408019653,8.291248885017234,8.349800992185513,0.14832282249450568,0.5850238419327509,0.5490790414291228,0.3622407152146695,0.631592626696265
MPWR,6.840106871559312,83.41782297420683,9.112259472392772,0.3449513687538685,3.855206157966091,7.852440251407145,7.967506908345057,-0.1539765574658694,-1.4859392507108475,0.5845616161260097,0.25431533506214044,0.4227056612040577
MRK,3.54572240074059,61.25480742666473,4.875692612502306,0.13699030550915492,2.432680953179999,4.582547359889982,4.633530796311779,0.15593992708745458,1.4382353516299182,0.5621827376994565,0.3849858433371235,0.651390997309651
MRNA,8.81412266831336,38.56880411856275,13.48748769365736,-0.027355717491755287,-0.10879664687279998,13.102560329834091,13.317357301139493,0.12066747146421351,0.35378985944594477,0.5401960680161569,0.36479300786229185,0.6317835784656995
MS,4.374227887921803,56.37154303688027,6.280080629943548,0.05179991484693555,0.7389923002432766,5.951212730927228,6.0077933216650266,-0.16904813492777032,-1.2156840963083189,0.5749956788119043,0.3847979686776679,0.6565856715785201
MSCI,4.820947651885632,76.46488822375572,6.563460115541386,0.2807052157623396,3.9183304426691445,5.705611080291254,5.813372610879243,0.05139687709483596,0.510028572781057,0.5623292712970145,0.26016865614541107,0.4512160959911169
MSFT,3.9456016139123156,53.83150895607923,5.474287934924867,0.16782963718370292,2.1347765408999266,5.179331951455124,5.249199664211412,0.14432598255967008,1.1313604397067358,0.5786602545406452,0.3751178057138925,0.6455201535099753
MSI,3.6160799816376183,68.98517257277786,4.961069486370885,0.1707527244189872,2.746750347929013,4.521114317192167,4.584126387627332,0.1449772887880754,1.3405467591196487,0.5640437067653192,0.30421392808054093,0.5333185364980437
MTB,5.072971231065171,61.95761001389936,7.137393506054803,0.1419299023042179,1.4291640623615973,6.53811335589429,6.613260103725364,0.07828259906081912,0.3888281397988613,0.5749126293904859,0.33492301303175687,0.5702440882836273
MTD,5.313995428210113,65.65346903373091,7.105332685967843,0.791669971900838,7.227799908912181,5.540051632305285,5.589567147761607,-0.18380757013159657,-1.8421106383014216,0.5628902053028767,0.10864287843634923,0.18139660146213166
MU,6.364052931075618,84.25203916972697,8.924022805382513,0.10810095988714635,1.6739950867350908,8.210676492673258,8.27655586166914,0.14838550231934422,1.1720366111288063,0.6027474543729407,0.4221478818996285,0.6836243893177859
NCLH,9.684234829884765,49.82904223963425,14.148613801745297,0.2676712816612506,1.0539688303414014,13.079886167638342,13.152842685476031,0.33852848929976537,0.9142693371912795,0.5526230983481157,0.3620311916788417,0.6342997267898585
NDAQ,4.03475692779758,69.9744372375412,5.387202582314143,0.17205565020884883,2.7554167896541513,5.012920426915169,5.1074394635560045,0.1553228845687361,1.6059134855357018,0.580757216801932,0.3545319782877444,0.5919703791944892
NDSN,4.076215284455428,64.94678491647322,5.571341773275437,0.2917491426699572,3.7694876736981664,4.477480375014219,4.53851770491875,-0.2048122357917552,-1.9791090558283668,0.5306584954261881,0.1665613816662973,0.2981008076925775
NEE,4.273148498945069,57.79266886067388,5.986410565617817,0.013762371032675429,0.17404521263630313,5.672426507567719,5.741378619042942,0.020049892446802744,0.15006044289866222,0.5766054989106392,0.3886516907786355,0.6585806208152378
NEM,5.1222417935681674,63.38557797146647,7.254031149104724,0.06350044063074303,0.7295744028340786,6.753673840673518,6.794808722756374,0.022606054064565784,0.15637236701784518,0.5810519314637729,0.4026833153722199,0.6677108196979511
NFLX,5.511391848145696,77.52022208694562,7.662602950773525,0.08197396127680452,1.421772082159839,7.255147632989128,7.350895106186511,-0.07232894565449234,-0.6583921445629293,0.5829427499968699,0.3915267586517164,0.6566054527111558
NI,4.506026449710272,65.07153083363848,6.201514621609009,0.11196228588605965,1.1439264331862056,5.7673080003035135,5.788967209645094,0.003872703797768204,0.023392205611539815,0.6120323534646781,0.4082037559450309,0.6506510028530276
NKE,4.204804701241163,62.0279971990852,5.770033121920801,0.12200454830010135,2.1011092746347546,5.406379360374781,5.46823871148054,0.05761831736797364,0.47477319059233464,0.5722023704475162,0.38659977182469596,0.6598872097737687
NOC,3.8204537818754796,27.735614390474876,5.199943607531215,0.11282794654991875,1.536339818945552,4.805735159137188,4.848337895011466,0.07772690936768989,0.7805565221514253,0.548907988648419,0.3014641584365739,0.5538043586515857
NOW,5.470777804065558,83.0134723746713,7.774725635805964,0.09707733150006732,1.1015178556003862,7.045313797023552,7.157201824258793,0.06985084850624984,0.4904329264474339,0.5708339788287006,0.3516728583083931,0.5977391441374513
NRG,5.684503064108263,61.06993788622103,7.653835267219955,0.10512077986605618,1.1904046497447682,7.252067836001656,7.376897516390777,-0.03069827891571654,-0.17832809446398754,0.5912495519551683,0.39961101950837263,0.6545502264650265
NSC,4.115071023181633,60.16194223384501,5.631813623324368,0.11794831988284557,1.9978890652576402,5.201219515628575,5.287731529193178,-0.0006428299945390695,-0.006486645969257431,0.5656308494660915,0.3414334351026751,0.5940306231770056
NTAP,4.759856230014747,58.41111549040347,6.475265275123046,0.16200813756394228,2.167054712321684,6.159129958593085,6.184497468833583,0.11860156970422712,0.8839311849049507,0.5811534944835948,0.38165329463073006,0.6331914136550936
NTRS,4.416046122611758,54.346640614275834,6.326418232831401,0.018800609427790167,0.2621877934746225,5.829494274542561,5.887888060601382,-0.032020938430613086,-0.20646429262546848,0.5517305256110435,0.335411105776115,0.5795704106382948
NUE,5.593652671137607,78.54652462526022,7.911391113511537,0.11616307205212317,1.7143575152369908,7.305440860709205,7.3574844682658105,-0.0004275746295436811,-0.003272479332605392,0.5813882269481243,0.3962870791083616,0.6430764457321058
NVDA,8.122129230012623,95.23889302414432,11.112991186629023,0.08312756001289713,1.0057604780601894,10.203542830598495,10.325654981458504,0.009876620832215629,0.0633099232677057,0.6296628614511635,0.43855188374580933,0.6918058834661245
NVR,5.01773268561404,50.517626007690694,7.560885941461663,0.7173231362514214,2.2750169783043224,5.761450088488682,5.8532965260021355,-0.3186543443398415,-1.0274470624860195,0.5087111433145746,0.1175693041645608,0.22767505354984852
NWS,5.343106310393948,71.71824860642936,7.176021540227095,0.06277741661512069,0.5448313301558159,6.6565755535422575,6.741085999628251,0.03730878629469529,0.20428311799091217,0.5871804092307407,0.36155144348393775,0.5745355860024355
NWSA,5.677806764588004,57.60446291093879,7.680497862303189,0.034266588766040114,0.4561958971625968,6.913672594898464,7.011131808559843,-0.004795373664297636,-0.03288263125581982,0.5812816669071608,0.39936475346664724,0.6392677538529259
NXPI,5.619603714554749,74.16276969765626,7.931746209211777,0.014407466324799098,0.2096611093105913,7.417976028982904,7.5217901850151065,-0.14521253025973196,-1.180899391714313,0.5855421263797986,0.3768472451340923,0.6287093426354118
O,3.7870993343404744,35.07953212023523,5.455841279962456,0.0700112616555541,0.7199592442700931,5.1952417577803605,5.2047092395824,-0.08504408594102811,-0.4939853094265255,0.55665307862681,0.36870312634089286,0.6335735144029886
OMC,4.434223605753253,69.4117318407711,6.14139800299923,0.10044589362954066,1.4261855795917664,5.790281817259906,5.826742652781383,0.04437308510925395,0.340590502686033,0.5713145194347852,0.37886716309038637,0.6366563936430063
ON,7.389904737460474,74.03372368937579,10.111849499612834,0.1258832597795716,1.1929402900150248,9.622372160752459,9.605328706275342,0.1098922651734823,0.6969369400161752,0.5982004145126871,0.40949823570905197,0.669071775867957
ORCL,3.9493942222609397,60.42048990788394,5.599742715449896,0.09306924804914588,1.4185444669608518,5.236272394310301,5.302691351777894,0.12336582450642238,1.022402880320135,0.5792740968360899,0.38931932230100574,0.6512484332541724
ORLY,4.2780640733089585,73.19921620512251,5.77924853459294,0.198039196637216,2.789007474701676,5.073996489782342,5.135376646429389,-0.11687449635770593,-1.3583918366497574,0.5785546377103082,0.2852889110864174,0.47837408975931184
OXY,7.013199935302068,37.31770831043909,10.624694086065265,0.09944115042591542,0.454947366328804,9.902210851362664,9.988161639826002,0.16556074490148937,0.48476571272719005,0.5262992872008665,0.3412635191099286,0.6288156172563475
PAYC,6.158383892386093,75.97704847844523,8.454308367720696,0.12514471602944507,1.0749131290401488,7.597422350139659,7.645646947152886,-0.019717702799062944,-0.1436452243066171,0.5727789523344552,0.28780677191555204,0.4943425141829668
PAYX,3.5381348304620692,25.13694043182144,5.307613802736134,-0.14557546687794082,-0.8542998776494123,5.042643447396065,5.04451026481607,-0.5155998109980724,-1.7369886903647658,0.5353454761747034,0.3316878355687406,0.6073259436282319
PCAR,4.25909737747639,76.83593220127165,5.848223191190007,0.20988136239006408,2.9356089023839425,5.4016497701589685,5.49946032041331,0.2559381209327849,2.0102863959120376,0.5798478452051108,0.3760697517835664,0.6157026340788061
PCG,6.871248244618812,61.777173269279416,9.841049772620241,-0.09732610912656003,-0.6996458095683965,8.55452241986935,8.693125035138696,0.06494288568322334,0.2495609821252685,0.5904670704332237,0.36762720243222047,0.6148216494357
PEG,4.269196095678291,12.814589512456939,5.340791653687065,0.05560616689608783,0.7876618722913603,5.084930758444315,5.112409033253278,0.029595580250532348,0.23352504743733052,0.5806248126205714,0.3635145513372928,0.6507880068298952
PEP,3.0298182103149496,30.729961939780956,4.26154791979418,0.19048931740236622,1.4755775818357646,4.015834305056273,4.058515530152558,0.2224079340440054,0.8982754866143656,0.5515802659661966,0.35021024815090607,0.6198119110147782
PFE,4.278817396145972,70.46349020093356,5.994592083145204,0.04020089193655801,0.6613801246952665,5.413088808880953,5.506747220536371,-0.08245609225889622,-0.6597981289347541,0.5949908891849034,0.4031038745476,0.6623223318998175
PFG,4.718697354297381,61.8348756951508,6.4751947553734075,0.27819457164705097,3.7258473832458514,6.0213493026447775,6.095519263523283,0.15093137589312794,1.095662939568234,0.5530167047953418,0.3465689487500333,0.6044408290201164
PG,2.9459094917251223,38.55715179939859,4.185721757232754,0.15942317452733765,2.0455495705441282,3.951449422720418,4.0185910911721825,0.14599645830927765,0.834479017938936,0.5439054902960636,0.3483136047430274,0.6218305160298061
PGR,3.8520829896797766,67.23662229867408,5.367735531118056,0.17661355876758655,2.8550289026199924,5.00305479879251,5.052410552525639,0.05003916403729411,0.4299991452828809,0.5611276623462642,0.37889637524266995,0.6373871343530897
PH,4.479410453570587,69.12055161540331,6.287748111587932,0.10210676442162007,1.4385980489336376,5.698411565923209,5.762392663720014,-0.032319733194254865,-0.3281812372390196,0.5616330863557597,0.3116191979750901,0.5451898093197849
PHM,5.945447098126809,31.806467033405013,8.097909642314843,0.20518778236862864,2.0251805303991857,7.570316555426892,7.641620519045082,0.19904850466358764,0.9122320869671916,0.5686951255000762,0.36701139864441856,0.6353780418770856
PKG,3.9928060718097074,52.180436694147154,5.67888816076403,0.13729459491692733,1.4447099710284488,5.111249088430723,5.198964851345437,0.018188767691489985,0.12592361833990154,0.5314414723221693,0.2730480204485197,0.5070755369062652
PLD,4.332210226213299,54.26519305546834,6.0156868607885965,0.16976445343923727,2.034008412676097,5.735570850320839,5.797980136786443,0.0021976421284384817,0.013985425645306849,0.5712910070151791,0.37572423290113655,0.6316914326870684
PM,3.3945729751950133,48.411427442803145,4.738108939921133,0.13685153376897663,1.6862512552751863,4.5539794878249795,4.586245429002072,0.07894452338425408,0.5382366811923708,0.54677120947707,0.3552838644271138,0.6345739105849781
PNC,4.476524633398339,60.844744710518285,6.329567982177041,0.0916633056124742,0.8856646917558699,5.8626025693207495,5.889828945394773,0.0185088580954839,0.10452440275177319,0.5699108545326008,0.35742224888165464,0.6164553682881098
PNR,4.831631953794464,75.49984688636646,6.438284911220327,0.2602740148814469,3.9587472629349585,5.888375349373746,5.985965539372526,0.3140062320557342,2.6526580040082273,0.5842627234599362,0.3605957269018113,0.5998842574892016
PNW,4.048738956861885,54.48826439255697,5.576950685136042,0.15851678964029298,2.0117931752850127,5.242775867548108,5.299214183193504,-0.042745503864353857,-0.3457437977024232,0.5735439642701544,0.335329303462262,0.5669529562135529
PODD,6.590873703040031,78.15289148178294,9.117035910010802,0.17190818461393587,1.7223847770807865,8.240433823141313,8.26455267858931,-0.2791074126362184,-2.122556659949552,0.5546050450050115,0.2890590765583603,0.4885903566501526
POOL,5.413842704847965,81.61799861466804,7.146505475616871,0.33825182759027267,3.7553187575705675,6.159548365039351,6.252658302064383,0.02265077853097927,0.21447016466749785,0.5634051268938182,0.24308345075700755,0.41821063982783346
PPG,4.237473691261423,45.99977482617916,5.632041563164309,0.15877691855025164,3.0650963854207087,5.275886625404212,5.35989238129418,0.15323046540615795,1.7827934840329993,0.5758769076996003,0.36419673714015754,0.6099896456931874
PPL,4.2533717220591365,56.41149402412978,5.951664972592418,0.046017946208222034,0.4440908772561008,5.484926982954649,5.536592128098037,-0.09968863718694056,-0.5281613008773929,0.5976836562700374,0.39527569755149583,0.6374140028408946
PRU,4.273129353087847,64.99710687039729,6.172284162919151,0.21329558252604552,3.501012432536538,5.817679188754002,5.816721620571627,0.11304310670758058,0.865488391929012,0.5528392500867606,0.35592379736576474,0.6138875062609515
PSA,4.015258478055512,82.29847926589554,5.443105472347104,0.13120477244577194,2.2133009742089103,4.9455325955790235,4.992572787448844,-0.004258623541744763,-0.04951720352315416,0.5808101866166221,0.32036054737557584,0.5368607333150641
PSX,5.5694360386945485,61.03915684146895,8.088312548834498,-0.012518095160906139,-0.1628871283128538,7.619674482668076,7.6347183501495115,-0.32672372024066854,-2.4243685775092425,0.5775473038784101,0.39369317124166125,0.6570309124975607
PTC,4.792452094067976,75.38657155027839,6.56431604920334,0.4655255806081732,4.6702841201030125,5.9213563952076615,6.035460038959919,0.43911813820970247,2.9779382877446166,0.5453085358726975,0.30712803068534145,0.5214698675328759
PWR,5.174806838875711,76.08004442416195,7.107015937602013,0.17177625443529726,2.4435287190795845,6.46642429021084,6.610210947739556,0.22979784382934904,1.9224489193554826,0.5826736942207269,0.3522905240940968,0.5900769088069091
PYPL,5.83737111749383,84.26473577078865,8.09256910624368,0.034144484205763936,0.576291452580013,7.553478685682098,7.601522895135858,-0.022758937933422554,-0.22219052477993195,0.5919075697491006,0.4105375154708626,0.6811990186970708
QCOM,5.451998266113667,75.55807112172495,7.4784207401697245,0.15286864412848838,2.2027311557720313,7.0406724779936845,7.0929622927219524,0.13877923887673294,1.055871304421469,0.5970255152739942,0.39991113218964114,0.6617175300679432
RCL,7.250794289033667,49.19248027411003,11.063763078499353,0.5511962102644176,3.4278221833266165,10.461357751099111,10.521322426871185,0.38616867397578575,1.3998109780022217,0.5203777649678814,0.3396648320211366,0.6046028768865852
REG,4.702004520037658,60.4624769675634,6.424868591983115,0.34376725233796473,3.343600389291589,5.991537522898027,6.113306228929417,0.23515564713808948,1.5000112988319751,0.535698794762676,0.3357267642454064,0.5671483102320107
REGN,4.44994071322852,47.7462127891011,6.178598785334893,0.1888998601666838,2.5166089723923237,5.629318273286056,5.693049043238637,-0.017839985792097005,-0.15637402967877487,0.5579470511608633,0.2856529479160781,0.487780364708313
RF,6.452796438421141,66.38495174742255,9.13114837848535,0.13875035326560134,1.4508654992060923,8.108577818165319,8.152513811810168,-0.003650983901118454,-0.01770250096655592,0.6044471065102219,0.4080966495101471,0.657583339481812
RJF,4.64332780732442,42.72755668056691,6.470648166198634,0.043193548050274894,0.5115863426244491,5.997671442061927,6.0220011374759,-0.05404599194279999,-0.41896705760713104,0.5610492531792538,0.31537866111588586,0.5507301484099318
RL,5.856399795852575,68.8590482377592,8.051439498917535,0.17026301838910785,1.6799027158136255,7.434991894502246,7.513227332410893,0.18264300114502752,1.1049098998812372,0.5714524477015128,0.3393772125049048,0.5815409911383882
RMD,4.287838015149899,70.46900304414773,5.938421569829421,0.10487468493211621,1.7382030698332127,5.270800842857056,5.32148388371068,-0.03659526803851801,-0.4162234290610691,0.5602650410655469,0.29976070537211086,0.5203509547080437
ROK,4.484024707121975,65.49495564404057,6.223684006128129,0.0462570050577701,0.6598442240979152,5.675323915965158,5.70899530692303,0.0037521142811586944,0.03606324809891636,0.5627502785589472,0.3094728099197964,0.5443020729811245
ROL,4.545245345155731,46.30062267436248,5.923614695834462,0.14344572271350475,1.320177646114865,5.538058600019768,5.615930835052946,0.10303163689987123,0.5863335709085862,0.5837081364982246,0.3700855110875153,0.6254503957666047
ROST,4.519096051075175,51.54704131577196,6.3571411255148425,0.01238500248894612,0.12070456618597301,5.98457180545443,6.024158304872314,-0.04117313514376106,-0.23333823463775688,0.5550495357855294,0.3649184560498884,0.6387606152474528
RSG,3.1240722535107497,61.751223546037565,4.275214897407478,0.08828730651115133,1.8069292051616452,3.9613562304548404,4.006348696900365,0.004613646605199594,0.053475814695417116,0.54339757535046,0.3407827423368641,0.5928252275624399
SBAC,4.796776501677642,73.50644971505352,6.393847217614846,0.29366205097226905,3.8967569194724496,5.812761954240413,5.914211606941946,0.22625762439653574,1.7825339306241812,0.5582826361886098,0.30801960829325903,0.5295342510758754
SBUX,3.8800562561399707,59.33969903326697,5.5555327110015975,0.08665158851447918,1.0123757037173675,5.235820663680015,5.265663263637438,-0.04099239800370483,-0.2509090801550126,0.5695766654840108,0.3796600376199153,0.6476057089195283
SCHW,5.043665991525514,67.51502090544675,7.123326375954569,0.15719933769903874,1.9410342684619444,6.728963526152633,6.744108417545098,0.1667201637858387,1.2697479425853462,0.5565986696402182,0.3913154642342369,0.6542880968738838
SHW,3.8300011967546195,38.733539074477136,5.472104157195303,0.07736418736438261,0.7307142122541328,5.041758565843735,5.119782739008899,-0.10724305251929298,-0.627432725445668,0.5538870282301049,0.31265456970668315,0.5468938673138583
SJM,3.9547017296200537,66.04004619549518,5.295535382183495,0.14198098191418368,2.189068778301707,4.845798787413342,4.907528129356912,0.12127806809340404,1.1845833681044853,0.5715312070137843,0.3361734489900041,0.5768693763927866
SLB,6.555880099057085,35.58538264981816,9.395834707115572,-0.041748665480096314,-0.302857141459796,8.700299532657867,8.805823130117064,-0.1573571443921979,-0.6121571732899564,0.5746855537754377,0.39627648947448113,0.6700733727894086
SNA,4.058589895009587,68.52992537303395,5.489134855411609,0.06553690136352591,0.9499351673152233,4.819917244292961,4.890073068092224,-0.16353291156639438,-1.8176232192096535,0.5551984366663898,0.23384584385033258,0.43060118017121163
SNPS,4.869521061675923,84.65202223979848,6.661270882689601,0.21064866187234163,3.344033782208873,5.947231663276544,6.038064495255951,0.04543311999495285,0.4585444974359535,0.5802661321153706,0.32233989954504894,0.5419370758881403
SO,3.770385792979719,41.88216479886243,5.118952464993299,0.01828002056421262,0.2443274507318194,4.8974899451037714,4.914034301732389,-0.14928908028803242,-1.000406399218509,0.5531861935143257,0.38173995919042514,0.6546192760260965
SPG,4.823876948940774,33.56079351973846,7.4349186549011295,-0.010724646687586293,-0.060523934557260316,7.097247778091227,7.1598693496631,-0.2769480853234835,-1.0766375752686173,0.512148218169854,0.3351842566512352,0.6022616436878118
SPGI,3.672929283027683,48.281218094451155,5.097533165757143,0.06600018527100619,0.7806091587912626,4.686453163390532,4.762290927446282,0.04948705689544305,0.3273475324122733,0.5488786656905048,0.3248723201946473,0.58056628093182
SRE,4.0704059537068105,45.38979982013419,5.481014103271845,0.14959090492580362,1.7818074541502462,5.137766879827248,5.230169470225924,0.047931497151647684,0.348533877265284,0.5645434382408767,0.352417107443769,0.6093852617169626
STE,3.918119276516271,73.60825691228196,5.505424312413203,0.06739819602281166,0.9564811158789104,4.864122355127572,4.923274179569221,-0.03721561555889227,-0.40482120575676656,0.5521084474485213,0.2773030732202265,0.474622672751835
STLD,6.301446043429311,75.52999035347264,8.735988117148253,0.06111738561682194,0.7958349143433159,8.120322831314587,8.162235240280806,0.07157420880001483,0.5142151091439637,0.580969183249923,0.3896537035286809,0.64255402337525
STT,4.911534443470269,44.57425375033479,6.8577621512556135,0.10625430067879695,1.1411479900149473,6.449362641067522,6.492141800811348,0.06546120217958101,0.38348438691996023,0.5715165266907535,0.3621633776852098,0.6246842674480632
STZ,3.5590414526868606,40.64821306845511,5.150449286832788,-0.004845277968334461,-0.05891850441528558,4.768938171909204,4.82192381079149,-0.022331334986505524,-0.17331856802830545,0.5235232258009156,0.2972120828782451,0.5723881023999441
SWK,4.957722088916295,72.26621253965754,7.055842676346863,0.13587332500772073,1.420346175069429,6.542034292877782,6.639483330827627,0.12971764970926408,0.8126324422851511,0.5695123935041712,0.36624833914362187,0.609456957176877
SWKS,5.530892268758474,79.1689750380683,7.522011889124796,0.21467184781546464,2.127018325998157,7.08668445209298,7.156505362558229,0.24208731218403984,1.788551742783893,0.5924535761251264,0.3862472992260305,0.6296189467940705
SYF,5.935484047851556,61.66033590291821,8.477344000018942,0.0798050743305142,0.9115773716214851,7.698993705055973,7.739733088202007,-0.009550717998038305,-0.055813083649728944,0.5797212630711348,0.40487922047272096,0.6725658532891168
SYK,3.7817314015709327,61.64942467198364,5.496326526135114,0.05427148911306927,0.7978744088340598,5.046315837623614,5.09232668080582,0.0048023006425835235,0.04286136389796507,0.5507273718017388,0.33548995745651,0.5816826027229023
SYY,4.349812146805112,19.827061493188427,6.265996091926079,0.10469904519271177,0.7335630531337757,5.922597640976823,5.948302925261925,-0.0111003299431717,-0.03502474446959848,0.5107314028215103,0.32873490496905855,0.6081555359498783
T,4.390997449970703,73.67791675409255,6.394186179052303,-0.06834571543707942,-0.9393280858177093,5.244145068794247,5.318178385519254,-0.4882331375581159,-3.2086061633444194,0.5693401703336204,0.4160200187781049,0.6423268269130746
TAP,4.679886273880333,64.3921394033921,6.37954196184676,0.17658412639808185,2.399649289258047,6.166502901804481,6.196701489429072,-0.07285751509262853,-0.5697714103540311,0.571712884243623,0.3713822058855969,0.6316636094715131
TDG,4.504632325531106,24.38171344858686,6.853941047350066,-0.45716159546871976,-2.2531764662143434,6.085650614748749,6.078374970354519,-0.7620108911171428,-2.4827444728731396,0.5128593226479793,0.2145598721720715,0.42437368290627964
TDY,4.259241995148173,55.8568990280311,5.6845414254498134,0.33789655363908244,2.993708422172768,4.804968196494572,4.7909740927390505,-0.14786405859270602,-1.2456904628004022,0.547363061712702,0.17774172906495178,0.31779024587311033
TECH,5.861157662597092,76.05295385536614,7.60903417024504,0.3970155722706617,4.662433366407146,6.412354970243562,6.468818764153301,-0.0777893709967534,-0.8638908858496249,0.5630069847624644,0.22757139037891871,0.3757371956748251
TER,6.048416264920607,94.6918891816537,8.227777622398936,0.16646249048663644,2.6270026802295163,7.666876499405762,7.802005836873152,0.13595282886290955,1.2969390584718112,0.5976176494034819,0.39211757043707196,0.6319419520260057
TFC,5.296172423060427,51.14285909725338,7.611555975039202,0.17304249940978794,0.9381652094359051,6.98960045951226,7.06711189156394,0.27634914820885426,0.7424901161814055,0.5654943705211375,0.3789031493289564,0.640725573377094
TGT,4.233826148192549,56.61198018629481,5.868176382403437,0.14239137211801117,1.9020639009849776,5.606371770147793,5.6420904412059905,0.13299234088390216,1.0974928047471255,0.573481520650057,0.38796606048565474,0.6476282529183727
TJX,4.377785017724204,24.7678422405884,5.875738271705545,0.11136336252293338,0.908361621615746,5.507698142327432,5.601979522020906,0.4751760737674919,2.3426974402729224,0.5540913624425807,0.33169868704344463,0.625989241726153
TMO,3.953356634517254,73.80597695826941,5.484239951943167,0.15776200188392886,2.752357113713505,5.0099339632546345,5.082623343344698,0.10629957484927971,0.9770591900446607,0.5682936525591624,0.33756232067070846,0.581022307106324
TMUS,3.8555096217615965,56.53455202457511,5.1847104699845765,0.18742626485048194,2.645518482677193,4.991216135193272,5.053057241904079,0.11758090747210967,0.930856470247727,0.5530795515421012,0.3494668722711336,0.6292568698489029
TPR,6.6733900086935884,64.03458397550298,9.3057353957314,0.17919275125145598,1.707711661533014,8.573882847645484,8.650651165046039,-0.005069232748322855,-0.02599880762150747,0.5768904296174837,0.39233039911965495,0.6566858829767777
TRGP,6.359010242595527,29.30503985119905,9.539947021062186,-0.1050629237230093,-0.3526789326957175,8.987416698684335,9.026265391946358,-0.49155602409999366,-1.1546441986883667,0.4721194129810975,0.27741767162030717,0.5735489710940581
TRMB,5.053673543948879,64.27735951920772,6.801364045143352,0.19412960950306044,2.3235744665203693,6.349703405637702,6.427617143597435,0.3038654053387713,2.0609372063363276,0.5550218245359094,0.3558575927016875,0.6029973239984958
TROW,4.637495950598605,68.24268959898798,6.300661512604327,0.08981001376684535,1.3000163256928488,5.852054809427047,5.941870501922567,-0.025077344770968332,-0.21686855538313546,0.568494840327002,0.34556991002169335,0.6041406900874366
TRV,3.5677212224133648,62.3198508764127,5.104724500378433,0.07705342604993894,1.3157000564002619,4.675261329311728,4.718126255093004,-0.08438625206773254,-0.7699960168132576,0.5685654384933656,0.34702883853556377,0.5977160194521964
TSCO,5.00105746117406,55.59855019459541,6.856657664823327,-0.049302061615768736,-0.5258915738749158,6.278031269964171,6.34915539431235,-0.09693058285582709,-0.6068714247050893,0.5826389318167624,0.3599213329611416,0.6079789565457162
TSLA,8.483331658879596,81.21579846512796,11.925623776004471,0.4794769575833155,5.185965871046581,11.287111032266635,11.434865821947312,0.4656931022256814,2.8721368618410508,0.5902069382146841,0.4067095677804907,0.6672480327374244
TSN,4.341902077931781,54.72751973253157,5.935623790818293,0.12646137623449544,1.439310538608752,5.636115926490497,5.655300848141593,0.14943033368181666,1.0079649062126756,0.5578908130997481,0.370620361971005,0.6396415952022712
TTD,8.467863580452539,88.37772688712212,11.88328821051392,0.45686575480041314,5.0616426227844045,11.07702139472128,11.215050060841245,0.3476828320634637,2.3250729572474054,0.569961458715046,0.3800511726098914,0.6299204847346472
TTWO,4.946227569079436,78.77918641443878,6.760605057329075,0.21122469196649857,3.2917989016726352,6.37600307276669,6.451362706758374,0.22490769341407896,1.820925495755137,0.5718690804421157,0.3733769965743555,0.618768588046098
TXN,4.294809541693644,77.4471993284304,5.9022908814229496,0.10851525350902683,1.3342617859742116,5.632875463506287,5.685332674485192,0.12207056731204374,1.0128890579986476,0.5940277287747535,0.39043147135517087,0.6491041394866879
TXT,4.812402109427332,57.306222309725285,6.752750005322948,0.22371596233341964,2.4806115895824794,6.381639116450178,6.438515002899491,0.20769760559183564,1.2536746829236436,0.5456700219119901,0.3359275651445214,0.5919605856256462
TYL,4.824947245561378,75.78953817130318,6.23576458389017,0.19159605702855248,2.320496419598349,5.258489318518493,5.286137968069865,-0.1351831124527953,-1.7280739731209362,0.5798979209818128,0.18748191135303816,0.32596809114672065
UAL,7.339890343267761,44.05739239277781,10.586683946083966,0.4697245934989134,2.0916371343210964,10.076144592984269,10.088189899750777,0.5429747540663716,1.4455072606308335,0.5329186750666269,0.34632296543728003,0.6267251369733027
UBER,7.482078422862912,78.27048755576321,10.421242625086766,0.31556315417875924,2.5419001013458864,9.720721768255151,9.787084898157522,0.8284792913247406,2.872690972044582,0.5787781783884388,0.39638891502588747,0.6660186552803165
UDR,4.736749800781069,72.11250357992178,6.2664386272685295,0.0712741582388631,1.1318510151107604,5.964053557742344,6.009497344772126,-0.003042457522614374,-0.025451252678884966,0.5915955547496272,0.3960751440392033,0.6484477882209874
UHS,4.9198408944239205,64.19536349479903,6.937016009595194,-0.017026260084652346,-0.17260401498274994,6.360091005180991,6.410932530978629,-0.1050603772597438,-0.7560501479569,0.5542278050762293,0.3056185059307267,0.5434404967096861
ULTA,4.860472601638647,56.48996505790049,7.058767441596066,-0.050165642397683854,-0.5811729155336421,6.5836245378410485,6.67747620419448,-0.11411828450765828,-0.7867233134395182,0.5326320448360584,0.3081888586597207,0.5561628415289703
UNH,3.7357014717345227,55.02237959984038,5.297438536262888,0.07226883678969416,1.113172887309634,5.015520203485929,5.06940756233875,0.036156430462265694,0.351564357117156,0.5473629637042271,0.3475574023232161,0.6196904810444066
UNP,3.6329400164951458,51.333434121242504,5.170147535123068,0.2535627992949083,3.577914633987083,4.849002138509966,4.926522790129863,0.30357244872850075,1.9107365957923501,0.5438955608648668,0.3606670616923455,0.616001213204886
UPS,3.9867617888629723,56.22485848648206,5.415059871225587,0.19804672926086905,3.1091263233771356,5.152498656875601,5.179227071593337,0.10494426588921296,0.8430467142126782,0.5826495497356303,0.38611836562557145,0.6413312836186469
URI,5.9639887305099695,70.99448456260134,8.230230729831428,0.29667932525335133,3.008733553714157,7.544571475645411,7.609656804080345,0.24447693024347533,1.4332057415277943,0.5556561487311114,0.3119875154014644,0.5453330652227985
USB,4.8690939017355115,66.40156772103485,6.931087210436052,0.1888306346064744,1.6664442148787968,6.373616123732512,6.404457726924051,0.1523546466905457,0.7972964767836763,0.586664875906964,0.3984722686097437,0.6546112565763214
V,3.5759505425332594,64.99833510923571,4.996065434424034,0.19357031369570712,3.5501181716260457,4.6567719488699035,4.727584182818327,0.18022233985533184,1.5489145348837745,0.5510454995584421,0.36128058737475954,0.636016484467548
VICI,4.621081595260777,24.1657208412206,6.827781516861224,-0.06239280248513442,-0.43131796434730685,6.313965390250752,6.417150363548495,-0.20614173003744551,-0.811249581394623,0.5188005473296693,0.3183211557843263,0.6022046982172415
VLO,6.432994487030457,40.5484741017739,9.08436777096125,0.20568313414398062,2.200962373831338,8.525489103494948,8.57631650059608,-0.030305135104831737,-0.1816721287131592,0.5675147248085491,0.3763640099769713,0.6449106862029321
VMC,4.395876295628524,40.603122098220936,6.3506470223724625,-0.07220647677583429,-0.6456588802409058,5.762240204937795,5.876219622321288,-0.26353693024748504,-1.507603194810505,0.5577778523874317,0.3099715166906669,0.5535216569615429
VRSK,3.5488737368922623,60.18806829126781,4.935137362886845,0.15638128941571333,2.1855472549107824,4.4981284046877255,4.571772750193713,0.04515946689878393,0.3623941289922061,0.5359978980527562,0.3020866534357314,0.5359099897383723
VRSN,3.7335188677483795,71.02693442317785,5.130938103206028,0.13819821429887766,2.1556273780051876,4.681984373679797,4.721730368122795,0.07571383408841735,0.8043945115051323,0.5529616260880709,0.3021027650389002,0.5162170533699553
VRTX,4.263828339783165,52.45651891587398,5.929328771911703,0.3398342482180343,3.808794577482622,5.467137441521454,5.5549649886934676,0.42937936380511454,2.685705838322806,0.5503942693783026,0.33643956890409843,0.5724516200537071
VST,6.641746104109258,72.3730558727857,9.007223668436827,0.1558473071614589,1.7708883803857447,8.330324351950022,8.439932168214275,0.18585311868009285,1.2015973438159995,0.5930976608291046,0.4098563000423625,0.6619522196047274
VTR,4.835129942444585,28.608782960695503,7.42954317714281,-0.12022136512633746,-0.7749858382946333,7.074147122722108,7.141268990482463,-0.7129669981222608,-1.9676600587428539,0.507733009010851,0.3312764906158815,0.6143596490732318
VZ,3.3591831406925055,59.925302446461416,4.732303647082705,0.06424898469876687,1.0205634892440623,4.310959899737982,4.365489647890813,-0.04891399492210602,-0.4542440381758726,0.5547847154244797,0.39659240591359035,0.65289996472003
WAB,4.33472315740925,57.411102204375204,6.16704502388456,0.052368338844368305,0.5280363480243614,5.749533563978814,5.8056717629527315,-0.12449030377468848,-0.6656782994003333,0.5527561240365906,0.32537123550025826,0.5759489738162707
WAT,4.775110128113455,78.35094634232965,6.3970733521742265,0.23378098193543495,3.2784990736547397,5.5558120288496715,5.620018007321409,0.04596418726623493,0.46972314112985386,0.5605719858717341,0.2687992958622514,0.4586495267322718
WDAY,5.5707386855866785,84.43147344267965,7.619517092608022,0.16863414816927663,2.8339868459529645,7.006278024563084,7.107705097981259,0.19815666193238546,1.7806085230512387,0.5829308792818112,0.37825634436358924,0.631897186228928
WDC,6.6119917075952745,61.07379839145088,9.288609486349898,0.18793577964558034,1.9035230097963358,8.673652810401952,8.787737555882273,0.07889368123997442,0.44573276394089706,0.5860011149586832,0.4040751395070039,0.6567345176452701
WEC,3.6986221725220316,37.90629147716072,5.20998292165617,-0.06437926850382425,-0.6602365138615391,4.954737297425503,4.990674355332479,-0.3131845450604288,-2.1537735677638428,0.566964253087753,0.3662151657510665,0.6154212881053338
WELL,4.524648981742644,24.327222265590795,6.801872510984271,-0.2891024926326112,-1.3999334697587706,6.510553673314002,6.519863287039503,-0.7468538904369741,-2.2906713768212863,0.51964845823618,0.32362395077409034,0.619287756988696
WFC,5.053189221681549,56.77837016487667,7.191251411022596,0.12815225272289493,1.5806441526049013,6.613755357061119,6.7205120615605045,-0.09411851373363113,-0.5188692434455016,0.5788541390839875,0.3915061921338733,0.653706640573678
WM,3.1870843236543496,56.2158793881877,4.3052215233639295,0.16254993747449942,3.103343601838209,4.005612952155788,4.0620957428274735,0.18124359926288397,1.8567207009966147,0.5595182223596902,0.34487700253492626,0.6063759844328085
WMB,4.816107679127131,45.39129633349959,7.171193262431887,-0.036541194568317115,-0.29826920309277544,6.6357346431042075,6.670150203851197,-0.25700964760751766,-1.138642853286346,0.5515458039909873,0.3658563083993962,0.630252827361377
WMT,3.369396917151994,56.2409347947772,4.598326416438337,0.12036587997182435,1.9400675597831198,4.322387625288669,4.3740709811740395,0.13976314197092757,1.2267814916775626,0.5838880260753232,0.3921430792528071,0.6535291366558373
WRB,4.378013160581289,69.84202668998864,5.786953961678924,0.22021058334054894,3.323913529005482,5.303217593795767,5.3833769104109965,0.07216923466270624,0.6108116146890681,0.5824377012176986,0.3558823155118591,0.578690837357224
WSM,6.605323383689375,60.97787594729571,9.277397465152017,0.13856515274626288,1.2387019162064519,8.735193856357878,8.817491449879034,0.2244892300985854,1.1922391126968763,0.5738274647138617,0.35647035259110604,0.5970548057700966
WST,4.844351720038734,80.75721824335716,6.596400213347257,0.3439228051106069,4.78926989791527,5.749330744995178,5.812821326994561,-0.016231307351713756,-0.18862941278103332,0.5698603712076735,0.2699647307231585,0.4493449061606931
WY,5.222865226040405,23.26960084677368,7.042118492280348,0.15913490517135098,1.6724797287505468,6.566851369833891,6.627234764917366,0.07281831031180239,0.38880650575146875,0.5846249998530869,0.3872115732823658,0.6577326771226079
WYNN,6.477041700622106,58.144715807403884,9.330342355895098,0.3612915683012657,3.2586701778843206,8.941215191298218,8.954721217607155,0.07375145051306026,0.3673710454447564,0.5366424124489863,0.3496578528337011,0.6132397485295573
XEL,3.861355854565499,41.314496986732586,5.3951754586150695,0.011570933112460945,0.1382722496384493,5.122209349993152,5.156409818985814,-0.15779815992591306,-0.9594517133473192,0.581851511159524,0.3922355903817101,0.6553013827314746
XOM,4.62810914010542,57.81746313805737,6.501462783342864,0.07635460507736562,1.2209132075634956,6.088350615953467,6.137348986876617,-0.042980368830821625,-0.3392971570672908,0.579362545325584,0.3894098268609606,0.6638084959892939
XYL,4.3984609195156805,34.06739101676187,5.862117497686383,0.17676645733065036,2.898924813665584,5.405403938232965,5.493888246049617,0.08441085574532123,0.7352003196455252,0.5642483921508312,0.3354316712210106,0.587763335790169
XYZ,8.233630723604366,57.441797272878794,11.8653434952912,0.008981391219638866,0.08432330052407361,11.181107488387791,11.246417103453238,-0.39631150446674546,-1.680478437510284,0.5745216750264365,0.39517609586219404,0.6692137463582933
YUM,3.401031784582561,47.21527046184225,4.875475410526818,0.07630849540194704,1.0900408468506437,4.607071323210262,4.618640309656323,-0.14437997321261425,-1.1637013568867676,0.5496717922978446,0.3509995653300306,0.6112621632975206
ZBH,4.255609368278654,62.11460486438945,5.954536814526067,0.09889461950908691,1.5080772612095465,5.520959549069861,5.59546093579068,0.04087528730054445,0.3321028708356928,0.5604858864122226,0.33826618940374453,0.5942540290807481
ZBRA,5.34013582692889,85.8758297245957,7.06397483616245,0.23562128551770892,3.058338188730509,6.178380578241448,6.2044239246179895,0.06796037238988037,0.7575698902902883,0.5736149935218895,0.2565582476077414,0.4360918577378421
ZTS,3.8656470269269003,51.33926095703338,5.615959256799238,0.018732926843147195,0.30616162291084104,5.226068130623893,5.278568572583511,-0.05520397679679382,-0.43610071382931487,0.5463928621578279,0.3618020183332461,0.6130948249133152
