cfg,period,tick_end,tick_total,tick_cagr,tick_vol,tick_sharpe,tick_mdd,tick_dd_days,tick_pos_months,tick_n_months,tick_years,tick_bps,tick_gross_bps,tick_turn,tick_breakeven,sharpe_gross,sharpe_ar,bps_ar,breakeven_fee_bps,fill_rate,move_filled_bps,move_unfilled_bps,net_tick_bps_2020,net_tick_bps_2021,net_tick_bps_2022,net_tick_bps_2023,net_tick_bps_2024,net_tick_bps_2025
cls|eq_filt|k0,full,180335.32990214357,-0.8196646700978565,-0.34504991587303613,0.030269710570286705,-14.207792345612855,-0.8198076657523076,992,0.0,50,4.0476190476190474,-0.21879617528715703,-0.2105190941439451,0.06595728490002416,-3.1917489396818395,-13.67372154017657,-15.051103940187703,-0.23259929320846412,-3.3172404779669287,0.8288393491150854,-4.5733847125231755,25.287943102608768,0.0,-2923.881128729994,-5395.193648362431,-4212.11237281776,-4424.095162425204,-155.67257599672755
cls|eq_filt|k0,hold,241660.486124462,-0.758339513875538,-0.37595699083101686,0.03178729838159063,-15.066415382843608,-0.7583593954096474,758,0.0,37,3.011904761904762,-0.24365111992034832,-0.2351121996776624,0.07031459152911303,-3.3437184880796273,-14.541957873220857,-15.866705551318457,-0.2574235368281851,-3.465157296966834,0.8288393491150854,-4.5733847125231755,25.287943102608768,,,-5395.193648362431,-4212.11237281776,-4424.095162425204,-155.67257599672755
cls|eq_filt|k1,full,264367.54011108767,-0.7356324598889123,-0.28013440033336334,0.029856740757398924,-11.184647799280675,-0.7359093189356615,992,0.0,50,4.0476190476190474,-0.1698906846794544,-0.16161360353624246,0.06576632744335854,-2.4573913402026695,-10.643326169710953,-12.048120953964267,-0.18369380260076143,-2.5832472525666463,0.8109190705222432,-5.0039076709175685,24.245736865308878,0.0,-2141.1303594092265,-4377.590253770337,-3131.8805760207815,-3503.5392635926764,-132.16054256370808
cls|eq_filt|k1,hold,327592.1541108634,-0.6724078458891366,-0.30962817876386783,0.031374270646217485,-11.991784411353066,-0.6725385971159059,758,0.0,37,3.011904761904762,-0.19140897926988346,-0.1828700590271975,0.07010888509499089,-2.6083720883512256,-11.460625568367913,-12.81040487404201,-0.2051813961777202,-2.7301672107685415,0.8109190705222432,-5.0039076709175685,24.245736865308878,,,-4377.590253770337,-3131.8805760207815,-3503.5392635926764,-132.16054256370808
cls|5m|k0,full,0.4450410669573464,-0.999999554958933,-0.9730361937243276,0.04118459972539208,-89.22441689823759,-0.9999995549199219,1019,0.0,50,4.0476190476190474,-1.8694911964211562,-1.860880379904997,0.7646165232122338,-2.4337433516179385,-88.82805123480006,-89.72382709395482,-1.8839614061638188,-2.4450049661067075,0.838934200294981,-2.5888033137477433,14.558835334961653,-1210.1272407712058,-35163.10066485737,-41173.23477590428,-35534.00571570534,-32242.516882437336,-880.5737364409823
cls|5m|k0,hold,16.922131627580953,-0.9999830778683724,-0.9739521643261552,0.0436123203818715,-85.01270356823528,-0.9999830731917768,758,0.0,37,3.011904761904762,-1.8862440295822889,-1.8777051093396029,0.7691514901406408,-2.4412682461243898,-84.64029247293381,-85.4785784101599,-1.9000164464901255,-2.452369986616532,0.838934200294981,-2.5888033137477433,14.558835334961653,,,-41173.23477590428,-35534.00571570534,-32242.516882437336,-880.5737364409823
cls|5m|k1,full,108.99652694471554,-0.9998910034730553,-0.8950438640004035,0.04152650947268644,-55.20024390856151,-0.999891098851456,1019,0.0,50,4.0476190476190474,-1.1661952846782062,-1.157584468162047,0.734027078544986,-1.5770323765938599,-54.801686451791525,-55.76660772199558,-1.180665494420869,-1.5887633014709472,0.8085823103000894,-3.031567776488899,13.704272260488786,-665.5513674181311,-21501.135352176723,-27272.249895652698,-21032.38616513489,-20138.828141467657,-592.1513164090247
cls|5m|k1,hold,1000.9200674095064,-0.9989990799325905,-0.8990549156847838,0.04396643556259402,-53.00571193970675,-0.9989997368444523,758,0.0,37,3.011904761904762,-1.185628926763602,-1.1770900065209162,0.7392384285257891,-1.5923008884539505,-52.63156850348127,-53.5241461236649,-1.1994013436714388,-1.603851857550233,0.8085823103000894,-3.031567776488899,13.704272260488786,,,-27272.249895652698,-21032.38616513489,-20138.828141467657,-592.1513164090247
cls|eq_sign|k0,full,2645.163903157028,-0.997354836096843,-0.7692221257281127,0.03358208495770917,-44.40118826610473,-0.9973565891803894,1019,0.0,50,4.0476190476190474,-0.7585899860478064,-0.7499791695316472,0.2669536096708525,-2.809398870674024,-43.88605447921581,-45.145243917228626,-0.7730601957904693,-2.8416547241415087,0.834172237772519,-3.23822405413853,17.813380722278822,-425.14550588241667,-13630.188011709291,-16822.226540735166,-14158.466194884819,-13868.614156752388,-420.8894489046213
cls|eq_sign|k0,hold,10791.642993723113,-0.9892083570062769,-0.7776925711803067,0.034734656767035715,-43.996699179323684,-0.9892024175941458,758,0.0,37,3.011904761904762,-0.7774777395585725,-0.7689388193158865,0.27115460270863545,-2.8357948256631165,-43.50415140877929,-44.6844252744987,-0.7912501564664091,-2.867285791176475,0.834172237772519,-3.23822405413853,17.813380722278822,,,-16822.226540735166,-14158.466194884819,-13868.614156752388,-420.8894489046213
cls|eq_sign|k1,full,17152.584591044102,-0.9828474154089559,-0.6337517647198521,0.03281252873880374,-31.124762931529446,-0.9828854574787987,1019,0.0,50,4.0476190476190474,-0.519577827726528,-0.510967011210369,0.2613229207630358,-1.95530881760543,-30.60755551221918,-31.903622639285224,-0.5340480374691908,-1.988259683495863,0.8084553917108286,-3.6794754880838947,16.82451284775844,-251.73575148576526,-9089.026739828356,-12099.83329869516,-9206.13415266313,-9661.190625456707,-325.66344922400293
cls|eq_sign|k1,hold,43670.68222101748,-0.9563293177789826,-0.6463924141667932,0.03399337682164358,-31.075715972311116,-0.9563538776308812,758,0.0,37,3.011904761904762,-0.5374280235292733,-0.5288891032865874,0.26552923356364827,-1.991830037651244,-30.581320526242735,-31.793484463438823,-0.55120044043711,-2.023988154963171,0.8084553917108286,-3.6794754880838947,16.82451284775844,,,-12099.83329869516,-9206.13415266313,-9661.190625456707,-325.66344922400293
cls|lw_filt|k0,full,284407.2677992619,-0.715592732200738,-0.26702151111305616,0.028755309572013013,-10.975542537605266,-0.7161224001098832,991,0.02,50,4.0476190476190474,-0.16056426708874477,-0.15228957045604094,0.04839318538730798,-3.146921808044108,-10.41277558774593,-11.87391303624645,-0.17436297065541168,-3.3179106893603194,0.8273302494294098,-5.092351937348194,27.40964907501963,0.0,-2217.4720155501996,-3532.2993457627567,-3162.897314615175,-3530.0789651185546,-114.1808666285987
cls|lw_filt|k0,hold,355119.16414455266,-0.6448808358554474,-0.29088430836703905,0.03015561737143868,-11.574446041392177,-0.644897605203105,758,0.0,37,3.011904761904762,-0.17757151308027352,-0.16903259283758754,0.05166155231947712,-3.2719224500317603,-11.021377408592352,-12.427797882590257,-0.19134392998811023,-3.437208235288095,0.8273302494294098,-5.092351937348194,27.40964907501963,,,-3532.2993457627567,-3162.897314615175,-3530.0789651185546,-114.1808666285987
cls|lw_filt|k1,full,367389.9632265174,-0.6326100367734826,-0.21916214584331795,0.028365259989455324,-8.858375883669027,-0.6334166668387973,990,0.02,50,4.0476190476190474,-0.12783380902757066,-0.11955911239486686,0.04827952887298156,-2.4763935188641653,-8.287843413221443,-9.775577253856243,-0.1416325125942376,-2.6477849310395754,0.8112466288854817,-5.517918500903571,26.432680673414282,0.0,-1717.9708542676344,-2850.6207323359795,-2433.011018196527,-2899.9264848094886,-95.71394539153577
cls|lw_filt|k1,hold,436378.32277072844,-0.5636216772292716,-0.24067293802219014,0.029767870492231455,-9.388908818559859,-0.5637417203536251,758,0.0,37,3.011904761904762,-0.14218957151722622,-0.13365065127454026,0.05153783272457285,-2.593253231830539,-8.828538181192124,-10.25965734994696,-0.15596198842506298,-2.7589357953236417,0.8112466288854817,-5.517918500903571,26.432680673414282,,,-2850.6207323359795,-2433.011018196527,-2899.9264848094886,-95.71394539153577
